id,viewCount,likeCount,dislikeCount,favoriteCount,commentCount,vid_id
OvQC2IjUQnU,9446,256,20,0,67,OvQC2IjUQnU
xkadfdp98x4,192176,1274,194,0,645,xkadfdp98x4
9sjku4oYt-Y,82726,672,150,0,625,9sjku4oYt-Y
qL-WKr15sTI,11982,92,56,0,68,qL-WKr15sTI
FmiJgSRrkc4,980050,4672,362,0,2437,FmiJgSRrkc4
Gq9dH9JvuWA,5076,81,26,0,31,Gq9dH9JvuWA
vDzw7WlW6Ps,92626,510,58,0,154,vDzw7WlW6Ps
Dw2Koxwewc4,4453,71,12,0,58,Dw2Koxwewc4
m-lcLpaHFdU,51374,241,41,0,52,m-lcLpaHFdU
7hhgnEVc3mg,33771,210,29,0,46,7hhgnEVc3mg
gWYF0VYHaoU,10392,139,49,0,113,gWYF0VYHaoU
A5gY576Ci5w,181508,709,135,0,251,A5gY576Ci5w
oXk-vNerAuI,16178,257,17,0,76,oXk-vNerAuI
Nllto1UidM0,71463,601,40,0,350,Nllto1UidM0
NlGyDEfETjM,102404,1091,44,0,131,NlGyDEfETjM
Ig4mM4VFhcY,16888,340,8,0,134,Ig4mM4VFhcY
SU7QUBCGBuI,379732,1703,101,0,686,SU7QUBCGBuI
j_0PZQZ6cSw,1874,34,8,0,5,j_0PZQZ6cSw
CBzbkqhd5_E,21744,182,39,0,60,CBzbkqhd5_E
JlTwC9GbDuM,425,0,0,0,2,JlTwC9GbDuM
xG9OT5yjt5M,15433,33,10,0,4,xG9OT5yjt5M
Yq_dAvdAOQw,268,6,1,0,1,Yq_dAvdAOQw
fs_4ARC5jXg,15575,116,12,0,47,fs_4ARC5jXg
v5AhR864yF4,110189,540,39,0,77,v5AhR864yF4
YXBhIqvDpKA,3482,31,53,0,54,YXBhIqvDpKA
jop31GcussI,132352,471,111,0,128,jop31GcussI
ZpZLydMJC30,16111,199,12,0,38,ZpZLydMJC30
ABj3X7koiVg,2165,8,7,0,19,ABj3X7koiVg
fOLZQftbrpA,11955,388,4,0,41,fOLZQftbrpA
M7A0evTKwns,884,3,0,0,0,M7A0evTKwns
JuKgsPOacyI,43400,189,18,0,29,JuKgsPOacyI
5EW0A0pHXdA,547,3,2,0,3,5EW0A0pHXdA
V5Uy30CSNZg,831,2,1,0,2,V5Uy30CSNZg
vQAGfHslA0U,8322,68,23,0,80,vQAGfHslA0U
VGt2cEm4Vgw,54175,604,69,0,351,VGt2cEm4Vgw
1mp8HxhzBBE,8721,92,15,0,16,1mp8HxhzBBE
N_zx7_kr9ik,284,0,0,0,2,N_zx7_kr9ik
hGGP_zmwS0o,9355,120,12,0,54,hGGP_zmwS0o
i2PiWRADy58,10069,104,2,0,191,i2PiWRADy58
0b0i2xnaYcw,25352,134,12,0,41,0b0i2xnaYcw
FjNFos7_5bQ,1259,1,1,0,6,FjNFos7_5bQ
vx1csFPWQtY,1430,34,1,0,5,vx1csFPWQtY
wwI7bXewc_Q,1889,28,2,0,9,wwI7bXewc_Q
otUtyfvs4Zc,1084,10,8,0,8,otUtyfvs4Zc
5NSlmsrLJyg,7407,48,50,0,75,5NSlmsrLJyg
ZN-7MJ7x9UY,206,4,0,0,2,ZN-7MJ7x9UY
Ek_Ru2EDYaM,2226,1,2,0,1,Ek_Ru2EDYaM
F8vsfoxXHH0,1110,NA,NA,0,2,F8vsfoxXHH0
FQAtDerMmBI,555,1,1,0,0,FQAtDerMmBI
Knu5KdcpML4,8715,76,2,0,32,Knu5KdcpML4
2NY6kyO7EH0,276,3,0,0,3,2NY6kyO7EH0
ikSMlBUv84U,204,0,0,0,3,ikSMlBUv84U
vpxhXrj9Gl8,139732,572,34,0,168,vpxhXrj9Gl8
JlorkiaaFYI,6264,284,3,0,47,JlorkiaaFYI
AG2NlI3xqUw,2384,14,12,0,5,AG2NlI3xqUw
CxdwnYRbAB0,1808,12,2,0,0,CxdwnYRbAB0
sX12kiSNn2s,28825,176,16,0,47,sX12kiSNn2s
0EF498Jh9-o,3393,25,5,0,39,0EF498Jh9-o
VVLN8dWkLcU,1074,32,2,0,16,VVLN8dWkLcU
2vH9k43KdZw,2959,6,1,0,1,2vH9k43KdZw
yekR51bHWJs,278,0,0,0,2,yekR51bHWJs
cBZBpQuUYBU,438,0,0,0,5,cBZBpQuUYBU
ekP2uG5-T6c,2535,6,0,0,8,ekP2uG5-T6c
NJHezqszrw8,71,0,0,0,0,NJHezqszrw8
UTuBnGgfdFc,20573,118,15,0,22,UTuBnGgfdFc
e0-zZ4RSH60,5640,37,7,0,4,e0-zZ4RSH60
XH6g_QWaRuE,31108,145,22,0,57,XH6g_QWaRuE
8KlMNWrP8fI,2445,4,5,0,3,8KlMNWrP8fI
z18yO3yVGF4,61,0,0,0,1,z18yO3yVGF4
IfmwCy9PM_0,513,7,1,0,0,IfmwCy9PM_0
a16jADCL6Hg,354,0,1,0,6,a16jADCL6Hg
dK6GO4jlENg,31,NA,NA,0,0,dK6GO4jlENg
Q_pYk1n5M24,158,0,0,0,0,Q_pYk1n5M24
Sk1qOguzllo,1344,7,3,0,5,Sk1qOguzllo
PTUpIl0IK8E,146,0,0,0,0,PTUpIl0IK8E
1DrfoL_n1vg,1790,12,1,0,3,1DrfoL_n1vg
YARx-O8Dyqc,8080,169,4,0,12,YARx-O8Dyqc
W8WluiFW-Ho,13244,NA,NA,0,34,W8WluiFW-Ho
PLDMAK96UiI,98,1,1,0,0,PLDMAK96UiI
EEiSJSPy2-U,281,0,4,0,1,EEiSJSPy2-U
IuFGvlaqv7U,540,3,1,0,0,IuFGvlaqv7U
2pEG90F4ff8,10302,236,8,0,72,2pEG90F4ff8
AyOfLDg84TM,3954,36,8,0,18,AyOfLDg84TM
zQHCknYXYUg,735,2,3,0,5,zQHCknYXYUg
anKHKTaX25M,20,2,0,0,0,anKHKTaX25M
Di-c5QhqmdE,23756,126,27,0,NA,Di-c5QhqmdE
FAPVQUywP20,1593,15,1,0,0,FAPVQUywP20
xxG4I2t8qCE,1312,6,2,0,4,xxG4I2t8qCE
n-qNPLPF7us,1806,9,0,0,4,n-qNPLPF7us
WH-i9rRyDlc,768,12,4,0,7,WH-i9rRyDlc
kI4WmQFmRE4,90,0,0,0,0,kI4WmQFmRE4
Q0HaqB8dKJg,140,0,0,0,0,Q0HaqB8dKJg
zpQmEq8nbRg,3241,39,4,0,9,zpQmEq8nbRg
xtTDbca06f0,39241,37,43,0,28,xtTDbca06f0
m7UdfU9dHAI,677,0,3,0,0,m7UdfU9dHAI
XAHyK1hx4Nk,2245,51,4,0,2,XAHyK1hx4Nk
PUGKa8U8DNA,33317,355,23,0,74,PUGKa8U8DNA
9ct9tUtSK48,494,0,0,0,4,9ct9tUtSK48
ciDjdkBmEOM,1960,22,3,0,14,ciDjdkBmEOM
oLMm8wHf77M,154,8,0,0,0,oLMm8wHf77M
ZG6gJmuMUL4,954,9,2,0,9,ZG6gJmuMUL4
M1lb4HqrUI4,29,0,0,0,0,M1lb4HqrUI4
QmOFVLtPhB0,165,1,0,0,0,QmOFVLtPhB0
s_YPvGNfg6c,1869,11,9,0,8,s_YPvGNfg6c
9uUyhA06X0o,185,2,1,0,0,9uUyhA06X0o
SOvBjYrdAWs,19663,250,13,0,102,SOvBjYrdAWs
geE8VkMNJSQ,7265,81,12,0,45,geE8VkMNJSQ
0TG3JxAr84c,95,1,0,0,0,0TG3JxAr84c
58tHz-VhgEU,631,3,0,0,4,58tHz-VhgEU
ZLg4s-U3j2g,415,1,1,0,0,ZLg4s-U3j2g
ioavRoQ6lWw,9470,106,16,0,9,ioavRoQ6lWw
rOUlGhZT5yE,2108,NA,NA,0,7,rOUlGhZT5yE
QN42LYTtUbg,306,4,0,0,0,QN42LYTtUbg
fzazQPtiatg,2766,30,1,0,19,fzazQPtiatg
bcj5516zZGU,1709,29,1,0,8,bcj5516zZGU
nyQtGPfVeGs,990,30,1,0,8,nyQtGPfVeGs
cMhNA27SBcE,8476,28,10,0,5,cMhNA27SBcE
ORxYnQKTp9c,390,0,0,0,2,ORxYnQKTp9c
_fQvLEuIRzE,212,NA,NA,0,NA,_fQvLEuIRzE
MuWOUbermHM,468,4,1,0,0,MuWOUbermHM
_a1khwFN0Lk,24483,177,22,0,NA,_a1khwFN0Lk
Kri6IuqLa4o,754,8,1,0,9,Kri6IuqLa4o
c3P5vTfVqOg,6091,NA,NA,0,20,c3P5vTfVqOg
A6V9VgSbi_8,49,1,0,0,1,A6V9VgSbi_8
M1JdQjl9TrI,63,2,0,0,0,M1JdQjl9TrI
hMJoExrXY14,8721,144,7,0,66,hMJoExrXY14
_RnES-YSjco,115,2,0,0,0,_RnES-YSjco
FGSzC2fz7uU,841,27,0,0,0,FGSzC2fz7uU
tCFpQPLdNM0,330,24,0,0,3,tCFpQPLdNM0
jHnm1-83nyQ,562,4,1,0,0,jHnm1-83nyQ
7nz1wO6nzcU,664,12,1,0,0,7nz1wO6nzcU
6QAH3nYtOe4,245,1,0,0,0,6QAH3nYtOe4
4gf4hsi2rSk,453,4,4,0,0,4gf4hsi2rSk
aib8bxs1CEc,3519,81,5,0,19,aib8bxs1CEc
WTpV-89hHjk,174,0,2,0,0,WTpV-89hHjk
wkvSJ_w6h0I,29,0,0,0,0,wkvSJ_w6h0I
W4vBX1Yi8tM,635,NA,NA,0,7,W4vBX1Yi8tM
Q6cASX81mUo,9638,18,12,0,NA,Q6cASX81mUo
pFh3tfwc3Vc,130,22,0,0,0,pFh3tfwc3Vc
GKyHCQ6outw,640,1,3,0,0,GKyHCQ6outw
jgseM-Z9CvU,1399,2,1,0,5,jgseM-Z9CvU
fwlgl3OVxUs,11042,42,6,0,28,fwlgl3OVxUs
5WkBwKKG8yA,69,0,0,0,0,5WkBwKKG8yA
gt20z5HpJ9U,424,28,7,0,0,gt20z5HpJ9U
96zHgTPHHyM,856,0,3,0,2,96zHgTPHHyM
-8X64psZyLA,3840,48,4,0,10,-8X64psZyLA
UXtH5L5zilE,650,4,3,0,3,UXtH5L5zilE
cRE-dPoDIGU,309,4,1,0,0,cRE-dPoDIGU
oBjZm3tgSmQ,56,1,0,0,0,oBjZm3tgSmQ
dV1HTWlpyw0,40,0,0,0,0,dV1HTWlpyw0
jlQli2N8O10,111752,1767,61,0,NA,jlQli2N8O10
YcO8T2hKfUk,273,13,1,0,1,YcO8T2hKfUk
p-wqlQxCpmc,19,1,0,0,0,p-wqlQxCpmc
332xoPqOFkc,9,0,0,0,1,332xoPqOFkc
jOr7UE4yolw,67,0,0,0,0,jOr7UE4yolw
7YSRY9m_dJM,16,0,0,0,0,7YSRY9m_dJM
Fvi1Qsioak0,25,0,0,0,0,Fvi1Qsioak0
4TLXti350AE,88,2,0,0,0,4TLXti350AE
Z16VWd5Fc0U,51,2,0,0,0,Z16VWd5Fc0U
0deaBiad4Lk,2,0,0,0,0,0deaBiad4Lk
HM0xnCHRkqE,1,0,0,0,0,HM0xnCHRkqE
oyoAbEoUZKo,0,0,0,0,0,oyoAbEoUZKo
YrvTuoZjZNE,0,0,0,0,0,YrvTuoZjZNE
aeTTmys9eQw,0,0,0,0,0,aeTTmys9eQw
fd8wmhwXdtY,1,0,0,0,0,fd8wmhwXdtY
wr2WntphQQk,12,0,0,0,0,wr2WntphQQk
Za8UauQBlSQ,35,0,0,0,0,Za8UauQBlSQ
12pvXQdfJ8s,40,1,1,0,0,12pvXQdfJ8s
6xlgF403mdA,2,0,0,0,0,6xlgF403mdA
LUH6qAYwT18,5,0,0,0,0,LUH6qAYwT18
Nz86zGkvuc0,11,0,1,0,0,Nz86zGkvuc0
JPQFewqg6fw,10,0,0,0,0,JPQFewqg6fw
KFRiR4al8H8,15,1,0,0,0,KFRiR4al8H8
cR2PGLqAkJ8,4,0,0,0,0,cR2PGLqAkJ8
gE3udFJGB-0,145,0,0,0,1,gE3udFJGB-0
1so7MrDqPDI,106,1,0,0,0,1so7MrDqPDI
wT_3fg0G_sk,29,0,0,0,0,wT_3fg0G_sk
RA56ORfNDV8,22,0,0,0,0,RA56ORfNDV8
ECLH_BV44bo,2,0,0,0,0,ECLH_BV44bo
lcdDQk_aloE,37,1,0,0,0,lcdDQk_aloE
wwpJzb1zO9w,0,0,0,0,0,wwpJzb1zO9w
heJhATaQUfo,3,0,0,0,0,heJhATaQUfo
KPY68ght-fg,0,0,0,0,0,KPY68ght-fg
Ql9hwvK9Ny8,3,0,0,0,0,Ql9hwvK9Ny8
FP9VDvqVHdo,8,0,0,0,0,FP9VDvqVHdo
b9dapem2EmQ,3,0,0,0,0,b9dapem2EmQ
myhTLb37zBQ,187,4,0,0,0,myhTLb37zBQ
dIVprHbaiss,373,6,1,0,1,dIVprHbaiss
t0ra7QnVLCA,171916,1274,72,0,533,t0ra7QnVLCA
zYWC3uNXgiY,15900,257,9,0,82,zYWC3uNXgiY
WgK7grANGJ4,2377,27,4,0,12,WgK7grANGJ4
QTowwrKK9oo,1326,4,4,0,5,QTowwrKK9oo
jJ145MX12W0,2533,13,1,0,NA,jJ145MX12W0
dMCYLNSatTs,2028,14,9,0,2,dMCYLNSatTs
SiPT87i_dR8,5648,27,20,0,2,SiPT87i_dR8
dYl2WyqIiLI,14491,639,9,0,146,dYl2WyqIiLI
5lyDy_KPhsE,10910,409,5,0,45,5lyDy_KPhsE
4VW89ZEYEoY,9975,96,7,0,7,4VW89ZEYEoY
uoDd7rnK5BA,844,5,1,0,6,uoDd7rnK5BA
GpqXfd8MZ0U,100,0,0,0,0,GpqXfd8MZ0U
g8YBE6rDLms,60,0,0,0,0,g8YBE6rDLms
HiTLKmtZY30,170,0,2,0,1,HiTLKmtZY30
DVG6vRaXzak,2387,6,4,0,16,DVG6vRaXzak
fSjSMvIeSCU,129,0,0,0,0,fSjSMvIeSCU
UF12wjYU6YQ,7253,237,4,0,50,UF12wjYU6YQ
lYYu1g26bsg,11386,77,5,0,67,lYYu1g26bsg
pg2jEZykGic,9747,118,2,0,14,pg2jEZykGic
INr0KBfs4DA,3231,82,2,0,22,INr0KBfs4DA
C55mVp2n73w,124,0,1,0,0,C55mVp2n73w
KEFi3v_e-LQ,1445,6,17,0,13,KEFi3v_e-LQ
lQxFNnJZ66k,262,0,1,0,1,lQxFNnJZ66k
P-fs2iVYnOk,1294,2,1,0,3,P-fs2iVYnOk
wdTMknXBV8M,777,5,4,0,7,wdTMknXBV8M
9ct9tUtSK48,494,0,0,0,4,9ct9tUtSK48
jdU3Zo6ynzY,5852,81,0,0,11,jdU3Zo6ynzY
mpp-6gGyEX8,12026,143,7,0,0,mpp-6gGyEX8
1CM4vw87jFY,324,2,0,0,2,1CM4vw87jFY
Y5DMye10BDw,12755,418,3,0,66,Y5DMye10BDw
g-100Rn8ZZ0,454,3,0,0,1,g-100Rn8ZZ0
cmT1_t7wwNE,2145,4,3,0,1,cmT1_t7wwNE
ilBqj1fLnvo,667,2,4,0,2,ilBqj1fLnvo
rGwhyAeoS1k,972,1,1,0,3,rGwhyAeoS1k
4FiX1SLdWuw,4708,61,7,0,52,4FiX1SLdWuw
VB1UGCruSNU,11018,354,1,0,62,VB1UGCruSNU
ZO-bunIyk0Q,181,0,2,0,0,ZO-bunIyk0Q
qQcFBhe55jY,140,1,0,0,0,qQcFBhe55jY
GGoBT12sg9Y,170,1,2,0,3,GGoBT12sg9Y
CQDloggm6TY,6828,126,4,0,42,CQDloggm6TY
4conVIjJzBc,54,0,1,0,1,4conVIjJzBc
bLvQ4MOfe1A,7632,109,4,0,16,bLvQ4MOfe1A
SUmMtbfbAAA,135,0,2,0,1,SUmMtbfbAAA
NWePjWRNHz0,79,0,1,0,2,NWePjWRNHz0
IFt18gMSzvA,8089,284,2,0,29,IFt18gMSzvA
OB30KKz9kGs,8441,143,5,0,83,OB30KKz9kGs
lc0kh6IFz00,40524,393,15,0,163,lc0kh6IFz00
vqFFjyxrOk0,225,1,0,0,0,vqFFjyxrOk0
WFZFniduXug,4748,218,0,0,49,WFZFniduXug
uMe5H-qzRDA,277,3,0,0,3,uMe5H-qzRDA
t0wyXpLltNc,428,3,0,0,4,t0wyXpLltNc
Q-naqK8VYoM,3223,49,0,0,16,Q-naqK8VYoM
ic9FsXrFr_o,21899,253,5,0,22,ic9FsXrFr_o
ZMxJgQvGb6k,6017,203,1,0,32,ZMxJgQvGb6k
y0B98Ra3M4c,198,0,0,0,1,y0B98Ra3M4c
oRc0s7z_J_o,534,1,4,0,3,oRc0s7z_J_o
A3cHM3_Icqs,170,4,1,0,3,A3cHM3_Icqs
y_rnYrIjMYE,4574,66,6,0,26,y_rnYrIjMYE
nMW10S2lTqs,10924,431,7,0,108,nMW10S2lTqs
0qv32syJj1U,129,0,0,0,0,0qv32syJj1U
qobv88arGNE,6396,150,4,0,35,qobv88arGNE
lSiK08rlmFA,135,1,0,0,4,lSiK08rlmFA
EAJoWXFgFYY,649,0,4,0,1,EAJoWXFgFYY
bAwCp04tlY4,765,4,6,0,5,bAwCp04tlY4
N2C_6Bhso-M,1179,16,13,0,0,N2C_6Bhso-M
A6b6xhJJE9c,503,1,3,0,1,A6b6xhJJE9c
I4mqjYOdxYg,974,17,1,0,4,I4mqjYOdxYg
-vB5L4QI3og,111,0,0,0,1,-vB5L4QI3og
drTixRAVXmE,5074,113,7,0,10,drTixRAVXmE
xb49ltD_dME,2481,80,0,0,13,xb49ltD_dME
FbXeOCDxcM0,10787,405,8,0,76,FbXeOCDxcM0
xAEoKS-FCwQ,190,0,0,0,2,xAEoKS-FCwQ
pbBDGGxIx4Q,90,0,0,0,0,pbBDGGxIx4Q
81e6DIq7-AE,84,0,0,0,0,81e6DIq7-AE
Ch-V_MRlKb0,21669,135,77,0,0,Ch-V_MRlKb0
zsQ8d4LdvkA,173,0,0,0,0,zsQ8d4LdvkA
7STZMP-IW18,112,0,0,0,1,7STZMP-IW18
GKyHCQ6outw,640,1,3,0,0,GKyHCQ6outw
efFKCuhxbPs,6597,133,4,0,29,efFKCuhxbPs
szE1ZJD7pmQ,889,1,0,0,1,szE1ZJD7pmQ
m8LDNLT9zS0,3523,106,2,0,33,m8LDNLT9zS0
YqU7i3Eh4n0,159,0,0,0,1,YqU7i3Eh4n0
JJznX_s-8qs,5211,70,7,0,60,JJznX_s-8qs
c2PEqNlwQwU,314,2,1,0,3,c2PEqNlwQwU
1RAr1HCUnyA,212,0,0,0,1,1RAr1HCUnyA
BACM4IWWtRc,51,0,0,0,0,BACM4IWWtRc
9pH12g_hZ4w,878,26,1,0,0,9pH12g_hZ4w
f1YoPcW7tIA,241,0,0,0,0,f1YoPcW7tIA
9UOcxJbahP4,4027,131,0,0,14,9UOcxJbahP4
mQfZhIS6QAY,2701,8,16,0,13,mQfZhIS6QAY
iubXdNWYq6Y,96,0,0,0,0,iubXdNWYq6Y
jWrSvEtu2Eg,347,5,0,0,0,jWrSvEtu2Eg
r-SQZs4VXOE,2935,16,19,0,22,r-SQZs4VXOE
-qBTyx5bOJc,3089,70,2,0,50,-qBTyx5bOJc
ZZntslAK8eg,3911,60,4,0,24,ZZntslAK8eg
thVvS6-04i4,753,5,0,0,4,thVvS6-04i4
RyIzJu16UM4,17507,164,7,0,49,RyIzJu16UM4
i_tQpVJt_rI,7622,NA,NA,0,5,i_tQpVJt_rI
h6NWqvScXTE,647,8,2,0,0,h6NWqvScXTE
3RDLkE1RILI,43,0,0,0,0,3RDLkE1RILI
c5nq8c4tOE0,2062,0,1,0,1,c5nq8c4tOE0
n7btb9gz-eg,11531,229,8,0,30,n7btb9gz-eg
Vkw7HneAcoU,141,0,0,0,0,Vkw7HneAcoU
WmV89GOlsyM,212,1,0,0,0,WmV89GOlsyM
PUGKa8U8DNA,33317,355,23,0,74,PUGKa8U8DNA
HlYlnc_jNhE,3787,NA,NA,0,5,HlYlnc_jNhE
Y_dgSZi5sVo,4972,165,1,0,37,Y_dgSZi5sVo
v3jdyjiVeyw,189,0,0,0,0,v3jdyjiVeyw
QYHV5Xg0qYI,1411,19,10,0,5,QYHV5Xg0qYI
_51_ovdGc5Y,129,1,0,0,0,_51_ovdGc5Y
FcSXcSb2fZs,3449,146,0,0,36,FcSXcSb2fZs
YJhHr4j-AH4,41,1,0,0,0,YJhHr4j-AH4
KjAK3zXw2LI,246,2,0,0,3,KjAK3zXw2LI
NwCxy_nC_cg,6184,294,3,0,67,NwCxy_nC_cg
u55RLCJ3s_Y,258,0,4,0,2,u55RLCJ3s_Y
ZDhBcWFgMYM,52,1,0,0,1,ZDhBcWFgMYM
gIi9OvVT-Y8,16854,197,6,0,20,gIi9OvVT-Y8
NRaXZ7Cl44A,18,0,0,0,0,NRaXZ7Cl44A
HE-iC2m1zdU,366,3,0,0,2,HE-iC2m1zdU
BCE0uUIpb0A,880,17,0,0,4,BCE0uUIpb0A
PoSikhGFQ0U,116,0,0,0,0,PoSikhGFQ0U
00wcaxap200,181,2,0,0,1,00wcaxap200
Fo9-Nv0zLGo,164,1,1,0,0,Fo9-Nv0zLGo
lGtb7hqV668,20,0,0,0,0,lGtb7hqV668
gbR44g8vSJk,35,0,0,0,0,gbR44g8vSJk
Xm7nlhwHjbQ,215,1,0,0,0,Xm7nlhwHjbQ
CkvgYY7q0pU,136,0,0,0,0,CkvgYY7q0pU
h6hBoTu_wUU,280,0,1,0,1,h6hBoTu_wUU
8a1ZkkD_big,873,20,2,0,2,8a1ZkkD_big
2keWCz8XGag,9374,163,8,0,94,2keWCz8XGag
0fml5RO5fjk,106,2,0,0,0,0fml5RO5fjk
eaUo6OXPJzk,1113,32,2,0,7,eaUo6OXPJzk
83sy_dO_7dw,85,3,1,0,3,83sy_dO_7dw
83sy_dO_7dw,85,3,1,0,3,83sy_dO_7dw
s-ss96m23Pk,57,0,0,0,1,s-ss96m23Pk
JWXl531PH3Y,129,2,0,0,0,JWXl531PH3Y
v0bBhhu23nM,351,4,0,0,0,v0bBhhu23nM
PpxGfIhr4vM,300,6,0,0,1,PpxGfIhr4vM
9dyC7wH-1pw,283,2,0,0,2,9dyC7wH-1pw
7cpM30cAzWc,46,0,0,0,0,7cpM30cAzWc
OjjU60eq1Vc,645,17,0,0,1,OjjU60eq1Vc
lp6Dm1uws2g,398,3,3,0,2,lp6Dm1uws2g
sLEN2SV5eWY,3,0,0,0,0,sLEN2SV5eWY
GLg2ZmKZgTU,182,0,0,0,1,GLg2ZmKZgTU
FE6fT4SrpZU,154,4,0,0,0,FE6fT4SrpZU
yBc-Z8CCmMg,352,2,0,0,0,yBc-Z8CCmMg
NaFUj9ADTLk,3,0,0,0,0,NaFUj9ADTLk
A60OCcyq5dk,23,0,0,0,0,A60OCcyq5dk
BxNDnPF7zz0,167,4,0,0,1,BxNDnPF7zz0
7k_IxwjIF8k,63,1,0,0,0,7k_IxwjIF8k
fDQvy3JJgBk,100,0,0,0,0,fDQvy3JJgBk
JeXwAEdQU7c,47,0,0,0,0,JeXwAEdQU7c
ahSKAj8Z_nI,106,0,0,0,0,ahSKAj8Z_nI
bxdoZsEBk-o,85,0,0,0,0,bxdoZsEBk-o
KP6A5BNI0Yk,358,9,1,0,1,KP6A5BNI0Yk
wqgzJFtA6w4,4241,7,2,0,2,wqgzJFtA6w4
bMmFN3IJCBU,226,2,0,0,0,bMmFN3IJCBU
CWHVXaJfhac,4,0,0,0,0,CWHVXaJfhac
Tv432BPEYVw,124,0,0,0,3,Tv432BPEYVw
uPRwjaw4NOg,46,2,0,0,1,uPRwjaw4NOg
e7_sKcL4Dvk,145,0,0,0,0,e7_sKcL4Dvk
70kmXKvR27o,72,0,0,0,0,70kmXKvR27o
6XL1V0anrZg,104,0,0,0,0,6XL1V0anrZg
JZKns1dxzDQ,435,6,0,0,0,JZKns1dxzDQ
FM0stpHXkyU,51,1,0,0,1,FM0stpHXkyU
Hxks2eMG1eY,259,0,2,0,4,Hxks2eMG1eY
J-xnuyv8wYk,51,0,0,0,0,J-xnuyv8wYk
3O16vXMPqow,4,0,0,0,0,3O16vXMPqow
JbyGs-wihUo,6,0,0,0,0,JbyGs-wihUo
VoGmioj6j5k,38,2,0,0,0,VoGmioj6j5k
isZLb2rE2tU,21,0,0,0,0,isZLb2rE2tU
NQz7lRHVjzU,1235,11,4,0,2,NQz7lRHVjzU
MTpN4rB_J7U,4,0,0,0,0,MTpN4rB_J7U
D98W7cGrK3k,33,0,0,0,0,D98W7cGrK3k
c4qr8V9G72g,4,0,0,0,0,c4qr8V9G72g
XP4QnUAK_oM,20,0,0,0,0,XP4QnUAK_oM
zdbPGKwTntw,95,0,0,0,0,zdbPGKwTntw
zmuDqFRNZQY,50,0,0,0,0,zmuDqFRNZQY
nsKtcGZF2iw,574,4,2,0,2,nsKtcGZF2iw
0srPwc5Ey1U,30,0,0,0,0,0srPwc5Ey1U
m0kwyGCKZkc,38,2,0,0,0,m0kwyGCKZkc
3X8zSrcB1vk,4640,79,5,0,39,3X8zSrcB1vk
ShKDfSIUCGs,37,0,0,0,0,ShKDfSIUCGs
C8TYFJ76aI8,65,0,1,0,4,C8TYFJ76aI8
eKGCVKLFU68,22,1,0,0,0,eKGCVKLFU68
UAo99YBBIes,21,0,0,0,0,UAo99YBBIes
DIL_2QxBicE,30,0,0,0,0,DIL_2QxBicE
JyV4rU-asa0,91,0,0,0,0,JyV4rU-asa0
DC-qO3BuTok,128,0,2,0,1,DC-qO3BuTok
y-5mFNxWhe4,489,6,0,0,3,y-5mFNxWhe4
jJ6MIQ9GK8o,52,2,0,0,0,jJ6MIQ9GK8o
58N7JGvkdYs,16,0,1,0,0,58N7JGvkdYs
1eertG1U41s,19,0,0,0,0,1eertG1U41s
wr2WntphQQk,12,0,0,0,0,wr2WntphQQk
EI0AKrzDsqE,9,0,0,0,0,EI0AKrzDsqE
QGsjFZkf7Ws,56,0,1,0,0,QGsjFZkf7Ws
5vcuwB4b6Tg,40,0,0,0,0,5vcuwB4b6Tg
HDUIShggOnE,4,0,0,0,0,HDUIShggOnE
hrVHJIXenjQ,3,0,0,0,0,hrVHJIXenjQ
QcYsL2AbmgI,1,0,0,0,0,QcYsL2AbmgI
TEyVijHPddA,6,0,0,0,0,TEyVijHPddA
7qHHY2b6UjU,2,0,0,0,0,7qHHY2b6UjU
JeerH2zWDIY,1,0,0,0,0,JeerH2zWDIY
TIMTN_tnvm8,7,0,0,0,0,TIMTN_tnvm8
okw4MQcmyrw,8,0,0,0,0,okw4MQcmyrw
LVrrChExTb8,0,0,0,0,0,LVrrChExTb8
tz6fqam5OTc,3,0,0,0,0,tz6fqam5OTc
SGA6f8DRl50,1598,13,0,0,4,SGA6f8DRl50
XnIwrJ9gvGg,15,0,0,0,0,XnIwrJ9gvGg
d9ea-c4G-F4,9,0,0,0,0,d9ea-c4G-F4
CaABxYemudY,11,0,0,0,0,CaABxYemudY
vn9CLg8IflE,8,1,0,0,0,vn9CLg8IflE
IjzgSqMrLvA,4,0,0,0,0,IjzgSqMrLvA
FHntMe8lG58,6,0,0,0,0,FHntMe8lG58
jg8YaNMro1w,6,0,0,0,0,jg8YaNMro1w
6o85JA0lvSs,22,0,0,0,0,6o85JA0lvSs
F7fktI4pHB4,1,0,0,0,0,F7fktI4pHB4
3CJbA6h1sKA,8,0,0,0,0,3CJbA6h1sKA
AzhZedswl3U,5,0,0,0,0,AzhZedswl3U
pDaqx8unyjs,2,0,0,0,0,pDaqx8unyjs
heJhATaQUfo,3,0,0,0,0,heJhATaQUfo
5vIk8_WREdY,2,0,0,0,0,5vIk8_WREdY
5lbvQraV7mE,1,0,0,0,0,5lbvQraV7mE
DsJ-OHtc2cE,4,0,0,0,0,DsJ-OHtc2cE
ZyO3o2LD1Ao,37,0,0,0,0,ZyO3o2LD1Ao
9jLsWNRpXCw,5,0,0,0,0,9jLsWNRpXCw
cYTqQwA39L4,40,0,0,0,0,cYTqQwA39L4
h7sO0utS_4A,13,0,0,0,0,h7sO0utS_4A
BkNYallKQ_I,9,0,0,0,0,BkNYallKQ_I
Lx0dI6BJLXo,2,0,0,0,0,Lx0dI6BJLXo
a2LmQNpbMYc,2,0,0,0,0,a2LmQNpbMYc
rm_o3Pe-m6c,0,0,0,0,0,rm_o3Pe-m6c
bvx6Azyr3BI,10,0,0,0,0,bvx6Azyr3BI
gwaYoyKp2P0,2,0,0,0,0,gwaYoyKp2P0
t0z0dUmbCXw,0,0,0,0,0,t0z0dUmbCXw
FGsSw2SutrA,0,0,0,0,0,FGsSw2SutrA
uQn2qepAJQY,0,0,0,0,0,uQn2qepAJQY
l3L002VHa5M,2,0,0,0,0,l3L002VHa5M
MPfNhfr9uOc,0,0,0,0,0,MPfNhfr9uOc
xYd_Ea5xzFc,0,0,0,0,0,xYd_Ea5xzFc
-_0ya4S4RVo,3,0,0,0,0,-_0ya4S4RVo
-33uDtMtoBs,89,0,0,0,0,-33uDtMtoBs
7YSRY9m_dJM,16,0,0,0,0,7YSRY9m_dJM
FrbYXeM2iL0,15,0,0,0,0,FrbYXeM2iL0
aSkOBrAD6q4,6,0,0,0,0,aSkOBrAD6q4
ACNNrwbA0ac,10196,106,6,0,0,ACNNrwbA0ac
U9O88OQ6t4Q,0,0,0,0,0,U9O88OQ6t4Q
HF45-HSJx1c,0,0,0,0,0,HF45-HSJx1c
AMlRHSaCxRI,1,0,0,0,0,AMlRHSaCxRI
EiOHdLYCt5U,1,0,0,0,0,EiOHdLYCt5U
-AQWs7yOnSQ,1,0,0,0,0,-AQWs7yOnSQ
uMa6HtnEgOg,1,0,0,0,0,uMa6HtnEgOg
vsQYF7uXnPg,10,0,0,0,0,vsQYF7uXnPg
A1vhriLUMNI,1,0,0,0,0,A1vhriLUMNI
jFx_dQaMJmg,3,0,0,0,0,jFx_dQaMJmg
5GyYN65VBog,2,0,0,0,0,5GyYN65VBog
jGaC5VZxKcw,115,0,0,0,0,jGaC5VZxKcw
jVE81dP7Trw,3,0,0,0,0,jVE81dP7Trw
1lV1hC0Z8mY,104,2,0,0,3,1lV1hC0Z8mY
1Js8r6zpxLM,0,0,0,0,0,1Js8r6zpxLM
FH3Ew6AtQDY,199,1,2,0,2,FH3Ew6AtQDY
RhO8CcUWSHo,498,1,4,0,3,RhO8CcUWSHo
SUbatEoRAbE,98,1,2,0,4,SUbatEoRAbE
X4ENTgguqEc,13,0,0,0,0,X4ENTgguqEc
XZBez8laVEA,20,0,0,0,0,XZBez8laVEA
_O2uBEBZiAo,142,0,1,0,1,_O2uBEBZiAo
hb5l46Ov5MI,61,0,0,0,1,hb5l46Ov5MI
dhTXw9znSKQ,117,3,1,0,0,dhTXw9znSKQ
QtQ5b_6CwAg,2,0,0,0,0,QtQ5b_6CwAg
GpB62R34Byk,834,12,4,0,8,GpB62R34Byk
8ZeLEMw7cJE,205,1,0,0,1,8ZeLEMw7cJE
QLA4Nq648P4,127,0,0,0,2,QLA4Nq648P4
jZ-m3thIpnA,161,1,0,0,1,jZ-m3thIpnA
QRlqGbTGNxY,215,1,1,0,4,QRlqGbTGNxY
4zE__h4jp50,157,1,0,0,0,4zE__h4jp50
WsHa2Hx3_Xc,358,0,1,0,3,WsHa2Hx3_Xc
nyoBYENwoQA,694,0,0,0,0,nyoBYENwoQA
GVveBmrfO3Y,349,0,0,0,2,GVveBmrfO3Y
TjEIbApMd0c,283,0,0,0,4,TjEIbApMd0c
ErliMV3xIsU,15,0,1,0,0,ErliMV3xIsU
oHDoHGNSbco,0,0,0,0,0,oHDoHGNSbco
Jmcqy0zhJfk,1,0,0,0,0,Jmcqy0zhJfk
GEy-zvPGOgA,177351,1488,72,0,313,GEy-zvPGOgA
Mu5aRHcS-d8,9154,248,9,0,54,Mu5aRHcS-d8
JfMEpQKBCEw,58678,800,42,0,338,JfMEpQKBCEw
MSWdGfjvGTk,26864,547,37,0,209,MSWdGfjvGTk
aXaqlXD-Mn0,4,0,0,0,0,aXaqlXD-Mn0
m9_KnA-18Ck,61440,1654,104,0,178,m9_KnA-18Ck
feT9CZvWqkw,92364,1775,138,0,5,feT9CZvWqkw
almTbaRotGI,8028,306,8,0,60,almTbaRotGI
MJoB3XnFkkY,11297,332,19,0,0,MJoB3XnFkkY
KYDSqbe2hf0,49773,1487,40,0,232,KYDSqbe2hf0
pw6YDoVsGdc,8077,436,6,0,89,pw6YDoVsGdc
rhPUyKNWI_0,43269,653,117,0,508,rhPUyKNWI_0
bmVMm0jRh3U,28184,507,9,0,86,bmVMm0jRh3U
buSJjMt9ugU,5186,290,4,0,64,buSJjMt9ugU
qIIvk9pTiWY,38685,943,30,0,141,qIIvk9pTiWY
2JY2V1j96u4,23992,709,20,0,133,2JY2V1j96u4
UxuAgj3cuzM,35144,703,32,0,125,UxuAgj3cuzM
TwrOmN3e1PI,17020,317,42,0,267,TwrOmN3e1PI
fJVJOlz3I8U,17457,969,15,0,0,fJVJOlz3I8U
Jcm2AW0-qd0,87690,NA,NA,0,771,Jcm2AW0-qd0
JCDyVyddK6Y,621067,2965,222,0,1128,JCDyVyddK6Y
cKOGezXZuK4,15462,424,16,0,28,cKOGezXZuK4
wdHuzmxqSnU,61567,418,85,0,150,wdHuzmxqSnU
w8VKVe2Xu64,35798,1490,72,0,183,w8VKVe2Xu64
CsFZO7HlPjE,63191,679,48,0,185,CsFZO7HlPjE
oXk-vNerAuI,16178,257,17,0,76,oXk-vNerAuI
LWjuwv9u_UA,21277,230,22,0,66,LWjuwv9u_UA
pfJC3760Puw,9511,319,3,0,11,pfJC3760Puw
tXAkREAvpCU,135364,4083,272,0,604,tXAkREAvpCU
Cc_xuE2sr3M,49278,1088,86,0,387,Cc_xuE2sr3M
RFSqRIrwqpo,155933,968,61,0,291,RFSqRIrwqpo
zbuC_PjFIpk,184246,1567,323,0,2146,zbuC_PjFIpk
Rs7cJzoHGns,45683,992,38,0,220,Rs7cJzoHGns
GhB6NUP_yfs,69159,817,245,0,536,GhB6NUP_yfs
OE_OvG2vbW0,23947,612,24,0,193,OE_OvG2vbW0
rUHvK56G6nE,8115,337,8,0,48,rUHvK56G6nE
vYZHPCuW0q4,22310,400,59,0,162,vYZHPCuW0q4
utMcd1udjT0,49226,780,123,0,9,utMcd1udjT0
Sf8ekVYCAbM,3284,28,11,0,19,Sf8ekVYCAbM
rwEOix84c_g,15782,664,19,0,143,rwEOix84c_g
Ur5O3E3zZXk,7761,193,27,0,51,Ur5O3E3zZXk
IXGIkhGK-xE,20384,436,17,0,47,IXGIkhGK-xE
xStr3BPTiEU,4200,168,9,0,0,xStr3BPTiEU
7r4bh58XPXA,19960,517,16,0,36,7r4bh58XPXA
P1jnrIM35Ic,71308,390,89,0,121,P1jnrIM35Ic
0PHSRHRV5kg,364566,3940,824,0,4222,0PHSRHRV5kg
RhO8CcUWSHo,498,1,4,0,3,RhO8CcUWSHo
Um6dLOy86Us,14701,672,11,0,0,Um6dLOy86Us
qYos_Ao5qcw,4872,188,4,0,27,qYos_Ao5qcw
CCtFK4l9SBI,38299,613,81,0,358,CCtFK4l9SBI
BU-mg7w5kHY,6676,261,38,0,293,BU-mg7w5kHY
79Ikcc1DDfg,12424,228,5,0,28,79Ikcc1DDfg
6cZmsqPlYcg,265735,2163,1232,0,2291,6cZmsqPlYcg
FNFZfvf3sRY,10430,277,5,0,25,FNFZfvf3sRY
5QU2LAp21ak,16083,400,33,0,68,5QU2LAp21ak
VJ5-wmSuXvM,92487,NA,NA,0,NA,VJ5-wmSuXvM
AHeizzFLgqY,93084,1006,71,0,133,AHeizzFLgqY
Tw5UEELP4hU,10709,342,6,0,29,Tw5UEELP4hU
8_t0nlkx8ro,19641,496,18,0,28,8_t0nlkx8ro
VVpO47OB2c4,27891,596,35,0,124,VVpO47OB2c4
APm7oN49gU4,110976,2579,159,0,691,APm7oN49gU4
6rBuXNeekp0,16073,474,35,0,61,6rBuXNeekp0
Y0-oO11TK5Q,14274,471,24,0,123,Y0-oO11TK5Q
T8Wgb8kemEY,2679,12,13,0,8,T8Wgb8kemEY
3xFvgGCoVfs,24814,1087,26,0,274,3xFvgGCoVfs
_MYW1_fj0GU,24582,947,26,0,241,_MYW1_fj0GU
qk3hMMpGH58,18256,278,111,0,84,qk3hMMpGH58
b6CC8-yEVRQ,49232,694,44,0,145,b6CC8-yEVRQ
C4_Pm2RsLVg,207361,815,35,0,212,C4_Pm2RsLVg
K7BgM06KZ0k,10250,226,5,0,2,K7BgM06KZ0k
Jlb3_k-pIjI,4478,215,5,0,18,Jlb3_k-pIjI
ar1ZCon6T48,28667,68,70,0,103,ar1ZCon6T48
N99Oj5ZHvCs,6197,94,8,0,38,N99Oj5ZHvCs
t9_2kulMXyM,9476,249,7,0,8,t9_2kulMXyM
6Oepd2duyAg,85175,389,152,0,146,6Oepd2duyAg
hwdSxg1oaGk,71093,778,99,0,232,hwdSxg1oaGk
7ykEhiVLm50,30873,478,19,0,130,7ykEhiVLm50
d0o2gD1TABA,8684,339,5,0,35,d0o2gD1TABA
B9dmhUlmNBU,978583,5365,708,0,3635,B9dmhUlmNBU
qWio501Sq3g,150646,475,452,0,1011,qWio501Sq3g
TLZ-GtA3SC8,17365,356,22,0,99,TLZ-GtA3SC8
5asiO0PR3zc,6076,141,0,0,13,5asiO0PR3zc
WRDsydanfUU,298,1,1,0,0,WRDsydanfUU
oOW6zwMSa6o,954397,3292,3309,0,2987,oOW6zwMSa6o
e9PFct8Be6o,148,2,1,0,NA,e9PFct8Be6o
8u1r3qRFJGk,13884,385,9,0,37,8u1r3qRFJGk
qZmZl13lwCo,46251,447,37,0,205,qZmZl13lwCo
lOS3Q7hqfJE,4948,327,6,0,64,lOS3Q7hqfJE
-1kC39ADDuI,2005,42,0,0,4,-1kC39ADDuI
F-BDvBr1mSs,10243,399,6,0,41,F-BDvBr1mSs
u_c5w6-E7Eo,14107,103,33,0,145,u_c5w6-E7Eo
7ctaSXs5hiQ,2811,168,1,0,22,7ctaSXs5hiQ
lHe51NcW9NM,190067,1133,172,0,967,lHe51NcW9NM
lInEQ6_2NKo,40813,583,18,0,184,lInEQ6_2NKo
nvuDEJMPfZA,107349,1308,58,0,60,nvuDEJMPfZA
_b1QXnqnu_g,7313,292,1,0,42,_b1QXnqnu_g
mICb42qs9Yw,5879,194,5,0,49,mICb42qs9Yw
o_JWVfNnxdI,69396,905,63,0,91,o_JWVfNnxdI
mPfDRwo2rJs,40361,661,32,0,111,mPfDRwo2rJs
EBS-nvmtEdE,192807,2046,97,0,659,EBS-nvmtEdE
rY2xeFYHbyc,4539,93,4,0,16,rY2xeFYHbyc
5Fq8jFQxHak,34356,505,9,0,92,5Fq8jFQxHak
19duO5jMPrQ,13186,533,14,0,130,19duO5jMPrQ
P3O08GEBZws,9256,322,11,0,81,P3O08GEBZws
sP8mpxu5Bvw,29213,386,11,0,40,sP8mpxu5Bvw
jspi7DD7t_0,10698,159,12,0,48,jspi7DD7t_0
ZrzZKlSRHfk,20901,528,15,0,21,ZrzZKlSRHfk
o12Rh9vxwD8,100730,1280,32,0,406,o12Rh9vxwD8
QCi89BcVMCY,38870,393,50,0,185,QCi89BcVMCY
NCHfSkv2Xj0,41499,292,38,0,244,NCHfSkv2Xj0
lRfqIz2tK7c,52845,454,304,0,113,lRfqIz2tK7c
WxGlrR32oiQ,8270,303,3,0,0,WxGlrR32oiQ
3tnu7gbem8A,218646,1700,157,0,659,3tnu7gbem8A
sbaH_FJtfB4,9188,270,19,0,21,sbaH_FJtfB4
agrWoT_-vrQ,19513,435,31,0,153,agrWoT_-vrQ
q0bfJ-GO9QA,21579,193,38,0,154,q0bfJ-GO9QA
xM-B44UBQEE,21407,467,14,0,87,xM-B44UBQEE
cJELcjSSYvg,20045,518,45,0,454,cJELcjSSYvg
iv2RZYPQMGM,1214,21,10,0,NA,iv2RZYPQMGM
f7E7segvLPY,24733,603,40,0,213,f7E7segvLPY
yCKjhy08-nE,10548,229,3,0,13,yCKjhy08-nE
gIUmIwlEIGc,27059,603,20,0,87,gIUmIwlEIGc
057DeQzd-rA,20910,727,18,0,235,057DeQzd-rA
FAqqbsS0eCQ,290,0,4,0,4,FAqqbsS0eCQ
5NdzoshNtVs,22454,205,28,0,315,5NdzoshNtVs
3FJL3DuNQto,465109,1253,89,0,391,3FJL3DuNQto
oth6qMgLn8o,87105,1187,138,0,372,oth6qMgLn8o
U1FD2Z5Lk3w,9634,232,3,0,14,U1FD2Z5Lk3w
9P32iJWrSbc,5844,60,11,0,0,9P32iJWrSbc
1eqgAhL1qyA,26934,1111,40,0,129,1eqgAhL1qyA
wnkgwXpo2dg,99432,643,14,0,80,wnkgwXpo2dg
7xUH0Co--cU,562,7,1,0,0,7xUH0Co--cU
dQqWrwADvSU,22749,479,7,0,53,dQqWrwADvSU
NRlhdsvstNA,24920,228,71,0,210,NRlhdsvstNA
GnEC2KWQMsA,190693,1208,545,0,746,GnEC2KWQMsA
NJHezqszrw8,71,0,0,0,0,NJHezqszrw8
UxR2QYhHcaM,18907,247,4,0,25,UxR2QYhHcaM
cBZBpQuUYBU,438,0,0,0,5,cBZBpQuUYBU
-FbExU2jh4o,54066,961,87,0,196,-FbExU2jh4o
g-4QZfJLYSg,10304,477,10,0,66,g-4QZfJLYSg
z18yO3yVGF4,61,0,0,0,1,z18yO3yVGF4
67xHEYOhyKA,516263,1424,767,0,724,67xHEYOhyKA
SEEj5-RhAE8,14144,286,9,0,21,SEEj5-RhAE8
oRy4e3wI8m4,151947,611,162,0,196,oRy4e3wI8m4
pM7upYSHYL8,108,2,3,0,1,pM7upYSHYL8
PfYUvTBl234,9609,131,9,0,40,PfYUvTBl234
zQHCknYXYUg,735,2,3,0,5,zQHCknYXYUg
ouY7Vwtgm6E,106291,978,81,0,472,ouY7Vwtgm6E
Nllto1UidM0,71463,601,40,0,350,Nllto1UidM0
BoAy5OKRiDw,22021,180,28,0,118,BoAy5OKRiDw
PHcijWJxXFo,100483,1031,53,0,189,PHcijWJxXFo
_jiDMnYdOok,48707,633,42,0,207,_jiDMnYdOok
NgaEeZR77uA,24987,376,21,0,76,NgaEeZR77uA
d2NnmmTjykE,6510,33,3,0,8,d2NnmmTjykE
rIqV_FrFZo8,14087,374,7,0,82,rIqV_FrFZo8
KcZtn9gwybs,11301,338,54,0,186,KcZtn9gwybs
8T_qfiv2PDU,4088,255,4,0,42,8T_qfiv2PDU
Aal-nnE6FmA,21070,496,45,0,311,Aal-nnE6FmA
GBooroUJGxM,18904,619,27,0,128,GBooroUJGxM
VGt2cEm4Vgw,54175,604,69,0,351,VGt2cEm4Vgw
3bGjI1QCVsE,343,0,1,0,1,3bGjI1QCVsE
rUHyCssQ0Wg,31837,207,12,0,40,rUHyCssQ0Wg
EEiSJSPy2-U,281,0,4,0,1,EEiSJSPy2-U
rpAI2L-77bM,690,2,4,0,10,rpAI2L-77bM
m0hLXsTiu6k,40135,1995,45,0,4,m0hLXsTiu6k
PTUpIl0IK8E,146,0,0,0,0,PTUpIl0IK8E
rpZP4ZO71RI,2442,111,17,0,101,rpZP4ZO71RI
hHgMie9okN4,20699,346,29,0,81,hHgMie9okN4
DFmXLfry_vk,17782,449,6,0,45,DFmXLfry_vk
gUeScCrL0kQ,4265,275,3,0,42,gUeScCrL0kQ
kBp0YKPrzWo,18801,420,7,0,39,kBp0YKPrzWo
1qPF7PjJCDI,1307,4,3,0,2,1qPF7PjJCDI
mWoV56-nJJM,221,2,1,0,0,mWoV56-nJJM
5ZjN_-ESrKg,5558,222,10,0,4,5ZjN_-ESrKg
UCPF0p2zvcE,501,1,1,0,5,UCPF0p2zvcE
y-w_y42A1eM,11361,102,59,0,84,y-w_y42A1eM
0roQ8k1jwas,6201,41,17,0,91,0roQ8k1jwas
IUr6VWuXMII,7948,141,23,0,80,IUr6VWuXMII
UwrKRmoRG8M,50914,336,49,0,193,UwrKRmoRG8M
gCUpgmJO8gk,38430,454,66,0,220,gCUpgmJO8gk
rPl7x4Jq5so,44149,374,54,0,72,rPl7x4Jq5so
lWD_b76voOI,99978,1136,87,0,829,lWD_b76voOI
c_ueMFUtpLs,2983,6,3,0,14,c_ueMFUtpLs
phh0Lh2ZCtg,8050,425,12,0,85,phh0Lh2ZCtg
trxOaNqUq9o,13016,546,21,0,119,trxOaNqUq9o
pS-h1NMy1Tk,13772,154,3,0,14,pS-h1NMy1Tk
lM2rWnfM0Pg,19326,256,13,0,17,lM2rWnfM0Pg
krzkNwyTBG4,19050,462,20,0,113,krzkNwyTBG4
FRu19m1H5Ew,4844,109,9,0,12,FRu19m1H5Ew
xu4UaQ1xIUA,14378,138,84,0,256,xu4UaQ1xIUA
HMO2mxF5lPY,32510,776,10,0,132,HMO2mxF5lPY
fhR4Kw4tb1U,79788,1146,125,0,623,fhR4Kw4tb1U
FYT6qVYkdbc,157280,NA,NA,0,1089,FYT6qVYkdbc
6CXobUuF_P4,56144,949,70,0,597,6CXobUuF_P4
1xtLsHcvtbM,117197,2612,207,0,450,1xtLsHcvtbM
3Av4cap8ZAk,17672,331,24,0,115,3Av4cap8ZAk
yKeu2jiqDK4,24205,432,17,0,155,yKeu2jiqDK4
HBGGIkBAZ5k,60126,787,23,0,130,HBGGIkBAZ5k
EkAOldoj4v4,82449,NA,NA,0,599,EkAOldoj4v4
UPQVJOtwL1M,13854,500,19,0,60,UPQVJOtwL1M
hryr0J4e1qc,4953,157,4,0,5,hryr0J4e1qc
cGChQbjjLns,16735,262,14,0,333,cGChQbjjLns
eZIzAOitVug,25823,623,8,0,117,eZIzAOitVug
It9eNr2AHGM,7743,221,16,0,0,It9eNr2AHGM
07vQUJMhcW0,86393,580,24,0,95,07vQUJMhcW0
E9PZzia_M5Q,41571,574,59,0,427,E9PZzia_M5Q
dey9EunNPfE,21987,289,9,0,60,dey9EunNPfE
pnx61AdosiA,2403,200,1,0,19,pnx61AdosiA
zj_4VnJRS_I,8901,150,8,0,41,zj_4VnJRS_I
I-c9ETAd3tA,69844,983,101,0,567,I-c9ETAd3tA
iB0BaB0Or7U,29855,137,64,0,251,iB0BaB0Or7U
0baDXIc_l4U,19840,297,40,0,210,0baDXIc_l4U
XI_sgJ5ckdc,92115,NA,NA,0,350,XI_sgJ5ckdc
7G1OXPmXTVc,44403,596,40,0,277,7G1OXPmXTVc
33FSEElpZok,35686,364,8,0,52,33FSEElpZok
kxiQfPPnex0,21681,211,10,0,32,kxiQfPPnex0
49IzxGF5-Nk,51555,623,81,0,189,49IzxGF5-Nk
E68nkttWf5M,16225,286,12,0,58,E68nkttWf5M
ZsqfuuPFkuk,36519,244,10,0,38,ZsqfuuPFkuk
TAptvpctnSI,8520,127,15,0,67,TAptvpctnSI
LtkEbHcLjpE,16356,299,24,0,93,LtkEbHcLjpE
QmOFVLtPhB0,165,1,0,0,0,QmOFVLtPhB0
DdWZNvY63lw,3651,172,6,0,60,DdWZNvY63lw
O873KJV1YhM,228,27,5,0,16,O873KJV1YhM
_-BEYi7xZAU,17577,292,18,0,94,_-BEYi7xZAU
Bs8ixsraxm8,158463,448,219,0,401,Bs8ixsraxm8
1zrKS8MVFH4,3410,76,5,0,20,1zrKS8MVFH4
n5nhtFbduyE,122291,1286,587,0,942,n5nhtFbduyE
CdO7HyvoGqM,4162,215,3,0,24,CdO7HyvoGqM
M0zL3kuIx6I,735,6,1,0,1,M0zL3kuIx6I
cuNrhLmTZNs,10190,191,24,0,75,cuNrhLmTZNs
alIAJmE8bu0,129039,2911,262,0,648,alIAJmE8bu0
ZLg4s-U3j2g,415,1,1,0,0,ZLg4s-U3j2g
fefSCm2Rjow,19857,465,129,0,414,fefSCm2Rjow
EHuHpGBkw_k,382026,1879,298,0,1294,EHuHpGBkw_k
GlP0O31X60E,30758,319,2,0,61,GlP0O31X60E
KwsY8MWmgIw,26276,611,9,0,120,KwsY8MWmgIw
_ELbeQvp5tg,77211,684,57,0,219,_ELbeQvp5tg
n8j50w7XkbY,7675,318,2,0,62,n8j50w7XkbY
cyvAF1kiMfA,4908,177,5,0,8,cyvAF1kiMfA
MgQ_4eDzvjE,3083,93,4,0,0,MgQ_4eDzvjE
G1u4I7lLL84,696,0,0,0,0,G1u4I7lLL84
ZuaerU_kqLg,5001,117,32,0,107,ZuaerU_kqLg
nJy6EFgC8W0,43859,830,89,0,142,nJy6EFgC8W0
Di9zKxbzA4s,11211,311,8,0,37,Di9zKxbzA4s
qdI_qOOu9Ow,10148,51,3,0,15,qdI_qOOu9Ow
Yx3Ul9rzyN8,42091,391,42,0,140,Yx3Ul9rzyN8
cF1f18JFXVY,38317,570,10,0,71,cF1f18JFXVY
eZwv963dJZQ,66145,1092,35,0,127,eZwv963dJZQ
np428eaCUKQ,10191,428,6,0,89,np428eaCUKQ
kN9zeRWDh74,3053,86,4,0,11,kN9zeRWDh74
YBhI1ji_-n8,12308,188,2,0,27,YBhI1ji_-n8
FohZOLBiTN8,13935,238,9,0,74,FohZOLBiTN8
jIzyIIEHHgc,9425,203,4,0,31,jIzyIIEHHgc
9xeKQfpGBF0,3645,97,3,0,1,9xeKQfpGBF0
RTvdgpcNJzE,13998,184,2,0,18,RTvdgpcNJzE
rLU0jqsUmz4,45955,329,6,0,50,rLU0jqsUmz4
8sQg-QLktX4,48496,811,14,0,147,8sQg-QLktX4
4UsRsPd0xDU,15822,228,3,0,57,4UsRsPd0xDU
5SLkLHt9nHA,1229,14,3,0,4,5SLkLHt9nHA
bLVDPtChrpE,3290,105,1,0,1,bLVDPtChrpE
-QxSA8bpScc,18615,262,27,0,84,-QxSA8bpScc
64ZqVKlnzeE,68000,NA,NA,0,637,64ZqVKlnzeE
EUNh5phrsR0,1826,5,6,0,3,EUNh5phrsR0
pmbqxFBBG3U,6307,200,3,0,42,pmbqxFBBG3U
bp-iPQChCQg,2520,48,8,0,16,bp-iPQChCQg
6-LNbU8EUEs,147951,3259,393,0,787,6-LNbU8EUEs
S8R2mpHPVcs,80411,997,215,0,860,S8R2mpHPVcs
P72U3cutpTQ,3436,24,10,0,17,P72U3cutpTQ
j2mmXOfdt2M,2270,NA,NA,0,4,j2mmXOfdt2M
mTKx8Fcpk9I,363,2,0,0,0,mTKx8Fcpk9I
aWPfYW6Gz8o,14195,259,12,0,33,aWPfYW6Gz8o
EIHX2-VgCD8,2337,112,6,0,13,EIHX2-VgCD8
WEIix2RIxR0,8932,262,11,0,23,WEIix2RIxR0
5NcdJuAH6Vo,4541,107,5,0,16,5NcdJuAH6Vo
7z4RNfwbh8o,40477,93,102,0,161,7z4RNfwbh8o
5_iq7wYTAkw,5212,61,19,0,59,5_iq7wYTAkw
dCgG9FXHP4Q,11356,278,4,0,57,dCgG9FXHP4Q
Pq3LNnLM0Gk,81424,1345,51,0,419,Pq3LNnLM0Gk
sPH7AJt7tVI,5244,185,12,0,25,sPH7AJt7tVI
d6iGvvN8i68,1934,4,5,0,4,d6iGvvN8i68
FZ569saH2mo,273,NA,NA,0,0,FZ569saH2mo
ipfduikRUys,5626,232,5,0,28,ipfduikRUys
fiUqiS5nH2M,2783,72,13,0,19,fiUqiS5nH2M
Um9maQ7yjcg,2906,42,2,0,3,Um9maQ7yjcg
IUhQMqTcTWM,23901,338,21,0,64,IUhQMqTcTWM
vl8nB1VMkVo,8197,30,3,0,8,vl8nB1VMkVo
hk7BGMM4JCM,18813,62,16,0,62,hk7BGMM4JCM
oRYzQrVTCgY,6255,185,16,0,25,oRYzQrVTCgY
YgpTkL3hm8g,10096,127,21,0,146,YgpTkL3hm8g
O0-wwqEdi18,29091,320,26,0,118,O0-wwqEdi18
rfuJ8NG95dc,11228,310,29,0,155,rfuJ8NG95dc
LQr7Mh0_6Lg,2956,56,3,0,13,LQr7Mh0_6Lg
fJDlwxSgsjg,10869,92,12,0,76,fJDlwxSgsjg
9EywlubrDV0,34143,555,30,0,205,9EywlubrDV0
CS1D-q_Uy60,693,9,0,0,0,CS1D-q_Uy60
WrSepG3CIbk,27288,110,2,0,12,WrSepG3CIbk
960nyWgLCQs,1599,97,4,0,15,960nyWgLCQs
_2u5tN_ZFZI,25217,353,6,0,75,_2u5tN_ZFZI
paqyVIa6rDY,3733,23,3,0,132,paqyVIa6rDY
8gcVpGkExeo,11018,382,13,0,105,8gcVpGkExeo
J0r7bksbwX0,75,0,0,0,0,J0r7bksbwX0
EHUSkNTohyw,51675,1012,23,0,151,EHUSkNTohyw
cYM3ihmByjw,8378,48,13,0,26,cYM3ihmByjw
uS2HQEiIlB0,4871,197,2,0,36,uS2HQEiIlB0
lMq1bDbWtFc,7588,244,6,0,59,lMq1bDbWtFc
vJOodPis7cY,11654,331,16,0,27,vJOodPis7cY
dm9yf7bsB00,11741,186,1,0,10,dm9yf7bsB00
gQpIurdBPu0,3510,186,4,0,43,gQpIurdBPu0
vjit_2_mt6c,52356,276,2,0,51,vjit_2_mt6c
AAck8l9Ancg,2222,108,4,0,19,AAck8l9Ancg
vYW4_j_AqVw,9975,223,30,0,104,vYW4_j_AqVw
VyKdt79ccJM,10865,155,2,0,20,VyKdt79ccJM
qL-WKr15sTI,11982,92,56,0,68,qL-WKr15sTI
QALFZWmAf1I,4679,88,5,0,0,QALFZWmAf1I
OlQsRTbaGUc,957,6,1,0,16,OlQsRTbaGUc
sWQ2uGIo6Tg,17643,514,67,0,240,sWQ2uGIo6Tg
fV923d6hHk4,614,8,1,0,1,fV923d6hHk4
JVFc2A5QzSg,2040,134,5,0,30,JVFc2A5QzSg
47LNr02YoJ4,987,5,4,0,6,47LNr02YoJ4
h8qampt8H-c,255285,NA,NA,0,857,h8qampt8H-c
3gh7VzL0HAA,2465,9,1,0,16,3gh7VzL0HAA
wWx-ATPn9eE,5850,38,0,0,1,wWx-ATPn9eE
nTNfoHXh_G0,6121,190,2,0,27,nTNfoHXh_G0
tOHpxbTuuNY,5495,24,3,0,14,tOHpxbTuuNY
0kGY8rPx-94,1768,23,14,0,5,0kGY8rPx-94
Z24VKCkJr_I,639,15,4,0,3,Z24VKCkJr_I
dP1nSfpefYo,6807,46,1,0,22,dP1nSfpefYo
4Gu_RbmbhLc,51968,1834,162,0,342,4Gu_RbmbhLc
Bz5wToLIlJc,5432,30,3,0,32,Bz5wToLIlJc
Eo_cme309iM,12461,116,13,0,192,Eo_cme309iM
WBHQGvXZUIM,7800,54,55,0,103,WBHQGvXZUIM
sB31KGOWBDk,7938,120,2,0,11,sB31KGOWBDk
7hdhDz-71ns,8417,98,13,0,19,7hdhDz-71ns
eZxl-pApUyI,1367,8,5,0,7,eZxl-pApUyI
pvMcIXAj010,2676,104,10,0,22,pvMcIXAj010
Ry0Nm8BzGBI,18859,230,25,0,88,Ry0Nm8BzGBI
bOLl_BzNvz4,908,1,9,0,12,bOLl_BzNvz4
Gm70lIlYZKI,56244,351,77,0,NA,Gm70lIlYZKI
ZJH7bPc9rmo,4769,95,5,0,11,ZJH7bPc9rmo
iMQZsMqTqHY,4257,216,0,0,41,iMQZsMqTqHY
GeX8QlVwZqk,2777,38,2,0,14,GeX8QlVwZqk
t7fcNe9mYeQ,12511,137,3,0,18,t7fcNe9mYeQ
bcj5516zZGU,1709,29,1,0,8,bcj5516zZGU
LOL3mpUT3bs,2253,57,2,0,0,LOL3mpUT3bs
b68Ts-Zcv2A,1266,8,0,0,2,b68Ts-Zcv2A
tYCs9BIeu4w,1111,7,3,0,3,tYCs9BIeu4w
OjfmYMj8K4A,2801,124,12,0,98,OjfmYMj8K4A
igLJY6_TUXs,24675,90,45,0,114,igLJY6_TUXs
t28Qonf72dI,2752,56,9,0,12,t28Qonf72dI
Q_pYk1n5M24,158,0,0,0,0,Q_pYk1n5M24
kSegLieguaI,417,28,0,0,7,kSegLieguaI
l-XdTvAzU4U,215,21,6,0,15,l-XdTvAzU4U
xGHdFWWUqMk,4178,14,5,0,9,xGHdFWWUqMk
NmvdHH6gfgo,152451,731,185,0,328,NmvdHH6gfgo
DJ96UKN8aLc,661,33,2,0,3,DJ96UKN8aLc
GBzWPRW0JDE,4930,61,0,0,2,GBzWPRW0JDE
tpp2zpq-CVQ,234,1,0,0,0,tpp2zpq-CVQ
bPMdMutyGjg,12030,247,23,0,33,bPMdMutyGjg
M9vUiNk2HWY,559,1,3,0,3,M9vUiNk2HWY
xGFwWX_Ff94,41519,NA,NA,0,185,xGFwWX_Ff94
ykJqURa8W5A,50730,738,117,0,573,ykJqURa8W5A
CNgHmq44JHI,33122,475,24,0,103,CNgHmq44JHI
KFfEVeR1XX4,15260,794,19,0,105,KFfEVeR1XX4
_-8V1Xho3_w,354,10,1,0,1,_-8V1Xho3_w
NmhfVUN3slY,1465,30,0,0,0,NmhfVUN3slY
OGr6KXfcUpk,1213,7,3,0,10,OGr6KXfcUpk
Gmc9JDPvaHE,116315,1891,212,0,315,Gmc9JDPvaHE
QJLs4bS1jWw,26516,33,47,0,42,QJLs4bS1jWw
sSNAWNhZ9Nw,805,40,1,0,0,sSNAWNhZ9Nw
swG5ycEavww,2421,5,3,0,6,swG5ycEavww
MdMGv7lh93k,1137,48,4,0,8,MdMGv7lh93k
JV8sgMzc_VE,1686,14,2,0,6,JV8sgMzc_VE
ysQxSdPxb10,1383,7,2,0,1,ysQxSdPxb10
2i8-n5--cWQ,3777,65,1,0,20,2i8-n5--cWQ
UQZLH-kxBNU,9086,163,4,0,13,UQZLH-kxBNU
Yq2nhDmDEZk,9086,196,2,0,26,Yq2nhDmDEZk
wFegEyIePrc,21022,388,25,0,108,wFegEyIePrc
JWmzqVLIxew,221,0,3,0,3,JWmzqVLIxew
3GF57MHVUzQ,4303,81,6,0,16,3GF57MHVUzQ
ypw15l0Zans,17,NA,NA,0,NA,ypw15l0Zans
CeUI6JmyNQA,7236,58,36,0,57,CeUI6JmyNQA
Q9Z8fWRlKfk,3858,17,14,0,9,Q9Z8fWRlKfk
MnG899ORCLo,68721,390,90,0,549,MnG899ORCLo
t3ZSwRj8v9g,2086,27,7,0,17,t3ZSwRj8v9g
vSAvBVjhc9g,17202,60,12,0,4,vSAvBVjhc9g
cDOc2ggUTqE,44223,300,17,0,170,cDOc2ggUTqE
z8hCcRHCAcw,186017,1073,49,0,760,z8hCcRHCAcw
39n-oO6jlBk,1023780,6079,588,0,4485,39n-oO6jlBk
0Xvg3lxza4g,6199,NA,NA,0,186,0Xvg3lxza4g
M0qHb55rXro,124676,286,29,0,173,M0qHb55rXro
qRfQueN4FEk,5029,13,19,0,23,qRfQueN4FEk
0dKWggUvy18,16331,978,16,0,159,0dKWggUvy18
JgnZyraqRmc,239641,393,63,0,259,JgnZyraqRmc
kilPsQ1dIjI,9648,785,10,0,101,kilPsQ1dIjI
7hipwVzVGUk,30710,87,3,0,53,7hipwVzVGUk
G89tl4eXWSM,49819,804,199,0,271,G89tl4eXWSM
tYxopWbT6uo,5064,28,3,0,19,tYxopWbT6uo
o774bkSNyd4,9940,43,6,0,20,o774bkSNyd4
eoGywW-zuXk,3249,14,1,0,21,eoGywW-zuXk
UgtGiv-7vlQ,17675,100,16,0,46,UgtGiv-7vlQ
kxwWw5zOf9Y,2566,24,8,0,11,kxwWw5zOf9Y
hcqQ01PW_9I,1077,8,9,0,0,hcqQ01PW_9I
JR5aO4_y7Eg,10704,95,13,0,24,JR5aO4_y7Eg
SqXdMvuYCmk,1391,17,13,0,24,SqXdMvuYCmk
1-TC7cEonNY,5509,40,5,0,13,1-TC7cEonNY
Zb6p2SWaSdc,1403,4,11,0,0,Zb6p2SWaSdc
t4Mx-Ci6Vrw,135102,223,25,0,97,t4Mx-Ci6Vrw
FgD56IYDrSA,619,4,2,0,1,FgD56IYDrSA
cwGWl0N9mV4,14562,61,17,0,70,cwGWl0N9mV4
DX6EHbb77po,358,0,0,0,0,DX6EHbb77po
G7VBzvubW9I,140,0,0,0,0,G7VBzvubW9I
SoH1cSCiqEo,62,0,0,0,0,SoH1cSCiqEo
OtTscZpfVmI,310,0,1,0,0,OtTscZpfVmI
POQLmtDHBWk,24665,183,6,0,82,POQLmtDHBWk
xkadfdp98x4,192176,1274,194,0,645,xkadfdp98x4
HVQy2QcszK0,1677,5,12,0,10,HVQy2QcszK0
BaXzvSipae4,19088,41,6,0,28,BaXzvSipae4
J3U154QPXOg,208,2,2,0,5,J3U154QPXOg
oDLpev-ceaQ,76,2,0,0,0,oDLpev-ceaQ
RdMxrZfREZE,1914,25,0,0,2,RdMxrZfREZE
vp86i3zgcY4,2470,32,0,0,38,vp86i3zgcY4
nf-xeuhDtOE,289,1,0,0,0,nf-xeuhDtOE
mMfmrkKAPWY,30,0,1,0,0,mMfmrkKAPWY
q6WxmISdLNs,300,3,2,0,6,q6WxmISdLNs
EhQSaQMqx4Q,2487,72,5,0,0,EhQSaQMqx4Q
XxyTOhiTHD0,271,2,0,0,0,XxyTOhiTHD0
KI5ldV-cuFQ,405,1,3,0,4,KI5ldV-cuFQ
TyUH3V9uHkk,46776,103,5,0,NA,TyUH3V9uHkk
LK-xRiz60Vk,7205,14,2,0,10,LK-xRiz60Vk
yLaObKIB_rU,2626,17,6,0,9,yLaObKIB_rU
9-NNEvrTfsQ,15783,72,70,0,70,9-NNEvrTfsQ
OI4RlIyfHT8,6054,163,2,0,56,OI4RlIyfHT8
rqQAibgiAxU,5169,66,23,0,89,rqQAibgiAxU
7trLktExjuU,330,3,2,0,3,7trLktExjuU
2IvIrW4eLNE,126,0,0,0,0,2IvIrW4eLNE
WzGrW4YakIg,250,0,1,0,2,WzGrW4YakIg
d1ig80PQmZU,44935,54,8,0,9,d1ig80PQmZU
uIV-HEmPX5o,179628,751,62,0,108,uIV-HEmPX5o
Knu5KdcpML4,8715,76,2,0,32,Knu5KdcpML4
n71kzSyGPpw,418,0,1,0,3,n71kzSyGPpw
n29QYdTHiqY,292,1,0,0,0,n29QYdTHiqY
MPJbl3oPr_k,148,2,0,0,0,MPJbl3oPr_k
lI0IhAvoyn8,172,0,2,0,1,lI0IhAvoyn8
Q3iummjKkLQ,1998,15,4,0,5,Q3iummjKkLQ
vYW4_j_AqVw,9975,223,30,0,104,vYW4_j_AqVw
kbeG93Wi2J4,247,2,0,0,0,kbeG93Wi2J4
E0V53ZNnsZc,2602,32,3,0,7,E0V53ZNnsZc
dmxl8yHc2JQ,22561,370,29,0,109,dmxl8yHc2JQ
M8PfYYHyv0w,9338,41,4,0,19,M8PfYYHyv0w
tgy33cXvh90,8217,193,6,0,55,tgy33cXvh90
kQhYUFbdL4Q,1121,9,6,0,10,kQhYUFbdL4Q
ZXtosxO1UW4,51178,2238,88,0,386,ZXtosxO1UW4
uQvIFx91MJY,504,2,1,0,0,uQvIFx91MJY
HgXF3INcrKw,1225,7,2,0,12,HgXF3INcrKw
69gpESoar_k,16490,23,28,0,29,69gpESoar_k
oRc0s7z_J_o,534,1,4,0,3,oRc0s7z_J_o
hojpcD6HTZo,3731,17,27,0,29,hojpcD6HTZo
M1l_Wcy04EE,7600,50,6,0,58,M1l_Wcy04EE
-SwRnNcv9-w,298,1,1,0,0,-SwRnNcv9-w
gwk1gt0QfvI,3253,8,0,0,0,gwk1gt0QfvI
0PxpEFwIT4o,3667,5,11,0,NA,0PxpEFwIT4o
u-5sOzUbzkQ,13681,33,9,0,32,u-5sOzUbzkQ
oGtuAs6Uebs,53046,2936,113,0,343,oGtuAs6Uebs
coKTt5LX9W0,7983,232,3,0,57,coKTt5LX9W0
fRkaHnNfGUw,4362,52,7,0,27,fRkaHnNfGUw
KgX0RIkrXz8,1160,4,0,0,0,KgX0RIkrXz8
eNQ-5EIXaH4,110214,200,31,0,NA,eNQ-5EIXaH4
kZbSs9ykCgg,16836,176,14,0,78,kZbSs9ykCgg
2x49N9GIFxY,4938,55,3,0,40,2x49N9GIFxY
3r4krBF0vdo,2000,9,1,0,0,3r4krBF0vdo
3sywfJjVwRo,21409,1176,37,0,154,3sywfJjVwRo
zw3M_0Vjdng,16181,22,78,0,90,zw3M_0Vjdng
2LxYZr1I2_o,1566,9,0,0,8,2LxYZr1I2_o
ekP2uG5-T6c,2535,6,0,0,8,ekP2uG5-T6c
vGHxLnatCAc,3079,20,6,0,10,vGHxLnatCAc
UEmBhu3grfE,4576,29,1,0,12,UEmBhu3grfE
FjjihTxE1u8,1955,3,0,0,2,FjjihTxE1u8
qYzbjtgLXmg,6666,27,3,0,18,qYzbjtgLXmg
yC2uSZIxWT0,7051,152,4,0,32,yC2uSZIxWT0
7td6RU67qOw,465,9,0,0,0,7td6RU67qOw
xxG4I2t8qCE,1312,6,2,0,4,xxG4I2t8qCE
I_5uGhcUesw,7896,178,3,0,42,I_5uGhcUesw
hOqnwnDD_D4,36121,126,42,0,NA,hOqnwnDD_D4
lNjUOS20Ips,1767,4,0,0,0,lNjUOS20Ips
h-lpJossbxs,390,6,22,0,7,h-lpJossbxs
rH5VdNweOyo,1286,18,0,0,2,rH5VdNweOyo
P67KF2ZhsNc,12416,31,6,0,12,P67KF2ZhsNc
MpQPGpkWnSE,6531,228,4,0,29,MpQPGpkWnSE
OxQAaH8IXmc,86996,1707,207,0,355,OxQAaH8IXmc
jT2IYz92Uf4,32147,2305,74,0,176,jT2IYz92Uf4
I0yS7pnvSdQ,10056,408,6,0,23,I0yS7pnvSdQ
lhIdS_RH-sA,926,12,1,0,2,lhIdS_RH-sA
SMTWGwu_l5E,45623,928,31,0,124,SMTWGwu_l5E
MBHjvb682S4,59,0,0,0,0,MBHjvb682S4
5aT0dMVeMDg,1302,11,0,0,7,5aT0dMVeMDg
43nbWuTVfBk,113,1,1,0,0,43nbWuTVfBk
gcPll8kcOu0,788,2,0,0,0,gcPll8kcOu0
qQ32JP-G8ds,434,0,0,0,1,qQ32JP-G8ds
DXU5ffBHrPc,111,0,0,0,0,DXU5ffBHrPc
CLH-1_aBC_4,228,1,1,0,3,CLH-1_aBC_4
47LNr02YoJ4,987,5,4,0,6,47LNr02YoJ4
MDe-jnwdIQQ,28024,2184,65,0,233,MDe-jnwdIQQ
cMhNA27SBcE,8476,28,10,0,5,cMhNA27SBcE
hOVBWqrYOVo,4102,36,1,0,17,hOVBWqrYOVo
H6XO6fq0a7I,2324,55,2,0,7,H6XO6fq0a7I
2B1CyNzmU68,985,0,0,0,0,2B1CyNzmU68
jZ-m3thIpnA,161,1,0,0,1,jZ-m3thIpnA
HF5hjH2X2tk,2333,7,7,0,32,HF5hjH2X2tk
2nkDJINFYKw,403,0,1,0,1,2nkDJINFYKw
27TEE0LFzzc,302,6,13,0,12,27TEE0LFzzc
AxsAXDM2IJI,2611,16,2,0,14,AxsAXDM2IJI
NKbZqXIIrhM,2951,17,1,0,17,NKbZqXIIrhM
RN0e4BtHgaI,1393,1,1,0,5,RN0e4BtHgaI
EBmHlQMQemk,521,5,0,0,0,EBmHlQMQemk
1v_GnGGWljc,52151,250,16,0,73,1v_GnGGWljc
OMUMxH53sSo,95,2,0,0,0,OMUMxH53sSo
6YCPz6elJ94,708,1,0,0,0,6YCPz6elJ94
XeHRhNrwE2o,228,4,0,0,1,XeHRhNrwE2o
ZUS7toV-JcU,461,12,12,0,9,ZUS7toV-JcU
iqarzHX-fOY,1559,2,6,0,6,iqarzHX-fOY
h6ooDOSzkYY,25,0,0,0,NA,h6ooDOSzkYY
VOmQvWGHlkE,220,0,0,0,1,VOmQvWGHlkE
k1vmczNSyPI,267,0,0,0,1,k1vmczNSyPI
cBLKLisFxxY,86,0,0,0,0,cBLKLisFxxY
eyQuBP2Q8Rc,18,1,0,0,0,eyQuBP2Q8Rc
ztScNScd0-c,3067,27,26,0,46,ztScNScd0-c
dGvZoT05bf0,8670,30,1,0,11,dGvZoT05bf0
gWKZApJaleg,266,7,7,0,2,gWKZApJaleg
fPF6wFBehLI,304,4,2,0,0,fPF6wFBehLI
GSdEZ-btAp0,13168,625,31,0,135,GSdEZ-btAp0
PMVSEUx-gSg,350,1,0,0,4,PMVSEUx-gSg
_UnCPh3aUjM,36,1,0,0,2,_UnCPh3aUjM
4A566Zm84Vg,586,1,0,0,1,4A566Zm84Vg
ONWYvBNE2SE,1131,6,0,0,1,ONWYvBNE2SE
0nogLHgSfio,44,0,0,0,0,0nogLHgSfio
DDhx1oOXggc,260,1,0,0,0,DDhx1oOXggc
nZDfk09Kxg0,81,1,0,0,0,nZDfk09Kxg0
zhmUeIBcwxc,504,0,1,0,5,zhmUeIBcwxc
dcwde0oTVdw,28878,385,51,0,82,dcwde0oTVdw
_XFV9jyzmYE,978,5,2,0,3,_XFV9jyzmYE
0rtucuVrbqY,6,0,0,0,0,0rtucuVrbqY
tJp_05c0v_M,1655,0,0,0,0,tJp_05c0v_M
cA6xr8-Mnbs,788,3,5,0,1,cA6xr8-Mnbs
ifcnSokDWy0,136,1,0,0,0,ifcnSokDWy0
APt_D7VBBMo,198,2,13,0,6,APt_D7VBBMo
APt_D7VBBMo,198,2,13,0,6,APt_D7VBBMo
jm7Og4LD9Gg,9,0,0,0,0,jm7Og4LD9Gg
wUu-9tu9jlA,19,1,0,0,NA,wUu-9tu9jlA
ELBntFM1qNY,2663,17,2,0,8,ELBntFM1qNY
gg0ZZkubaYM,9126,221,11,0,65,gg0ZZkubaYM
gg0ZZkubaYM,9126,221,11,0,65,gg0ZZkubaYM
iP6pVca_lFM,6,0,0,0,0,iP6pVca_lFM
bgT1d7HWR2I,80,0,0,0,0,bgT1d7HWR2I
Za8UauQBlSQ,35,0,0,0,0,Za8UauQBlSQ
_ZVFwEMe_5Q,115,0,0,0,0,_ZVFwEMe_5Q
yQV3nCLJEOA,7,0,0,0,0,yQV3nCLJEOA
ohGxh62JaSQ,334,0,0,0,5,ohGxh62JaSQ
4C_y_NrTmzs,2,0,0,0,0,4C_y_NrTmzs
eHD1ykez0bM,68,0,0,0,0,eHD1ykez0bM
hJg3p9hv6qY,4,0,0,0,0,hJg3p9hv6qY
jI6hYnuVzSs,4,0,0,0,0,jI6hYnuVzSs
ixwPEoER8lA,24,0,0,0,0,ixwPEoER8lA
K78vAF_BbNU,65,2,0,0,0,K78vAF_BbNU
DQKq6uzc4E0,20,1,0,0,0,DQKq6uzc4E0
cMLnpNfn07U,124,4,0,0,1,cMLnpNfn07U
NCPZummaS7Y,4,0,0,0,0,NCPZummaS7Y
Dr-McfGBtl8,4,0,0,0,NA,Dr-McfGBtl8
RiUhbqnCP-A,1,0,0,0,0,RiUhbqnCP-A
UO2vBOMDgao,1,0,0,0,0,UO2vBOMDgao
C9idw_vWufo,273,0,0,0,0,C9idw_vWufo
Kc0vlfHYpr8,422,0,0,0,0,Kc0vlfHYpr8
sgpuK0-2Px4,15,2,1,0,0,sgpuK0-2Px4
mVDh6_2abwA,133,1,0,0,0,mVDh6_2abwA
fQzJ1L38dSs,6,1,0,0,0,fQzJ1L38dSs
U8D2INdnNeM,6,0,0,0,0,U8D2INdnNeM
nnUIvjiW2Qo,41,0,1,0,0,nnUIvjiW2Qo
8zzNN0V818k,17,1,0,0,0,8zzNN0V818k
sRw4fTbMekU,18,0,0,0,0,sRw4fTbMekU
YDvghSNoeg8,5,0,0,0,0,YDvghSNoeg8
1uDZ8gte9ew,2,0,0,0,0,1uDZ8gte9ew
PbU2SduTHbI,6,0,0,0,0,PbU2SduTHbI
RjAJqsdyIaM,84413,663,35,0,463,RjAJqsdyIaM
z-VaLzFUy8s,28081,297,11,0,39,z-VaLzFUy8s
hwP_mvxTwc0,176885,1689,82,0,466,hwP_mvxTwc0
hqM1s84jhRU,472483,2984,169,0,901,hqM1s84jhRU
f9Waup54nPs,25800,134,14,0,81,f9Waup54nPs
K8_GRRtANy4,125271,856,47,0,536,K8_GRRtANy4
Vgec8iGdG7Y,178066,1344,123,0,458,Vgec8iGdG7Y
ALtJjW5ZNzk,100329,728,40,0,264,ALtJjW5ZNzk
B-Q1cUt2xWU,3576,267,10,0,65,B-Q1cUt2xWU
OAdJYqq0uUw,39703,454,13,0,128,OAdJYqq0uUw
PrssZYFegoY,260330,2684,245,0,916,PrssZYFegoY
BIdxucGlOx8,184622,1585,75,0,320,BIdxucGlOx8
oz7_pXr7zrE,516120,2228,102,0,354,oz7_pXr7zrE
OLCJN-kofDY,46197,224,5,0,30,OLCJN-kofDY
V_JMbXFedkw,124807,1147,71,0,731,V_JMbXFedkw
I-VHamNqgT0,268075,3814,331,0,1449,I-VHamNqgT0
Ch-V_MRlKb0,21669,135,77,0,0,Ch-V_MRlKb0
B0QFqhheLxw,354493,2687,141,0,394,B0QFqhheLxw
iRZ1SlpINmg,66024,149,34,0,219,iRZ1SlpINmg
SI-taRucr1U,2096,2,10,0,12,SI-taRucr1U
4LDppZIWzxM,385344,2375,327,0,736,4LDppZIWzxM
HiE2tDYs7mo,19731,176,7,0,68,HiE2tDYs7mo
VUD8EivHmh4,55182,1059,61,0,252,VUD8EivHmh4
PxStAKNrEjg,203253,1577,142,0,442,PxStAKNrEjg
C2h9czNH6Do,41587,89,56,0,112,C2h9czNH6Do
ljr0JrdAzSo,10386,399,5,0,50,ljr0JrdAzSo
8P20l7tFODU,34704,313,8,0,95,8P20l7tFODU
n7SUG8b5uEo,47154,481,20,0,222,n7SUG8b5uEo
MGpEEfT5QEM,65804,569,16,0,173,MGpEEfT5QEM
Y-OiQoyXM-M,393879,2349,240,0,540,Y-OiQoyXM-M
BXZF-y4Bgjc,20508,252,3,0,30,BXZF-y4Bgjc
swt5zckOyhQ,123176,555,125,0,40,swt5zckOyhQ
vW4JFj0owug,100094,789,59,0,168,vW4JFj0owug
URw4Sf76loE,75488,381,100,0,152,URw4Sf76loE
-wq21oyADGU,823949,4726,280,0,1367,-wq21oyADGU
bkl6pCTAfNw,22440,174,12,0,37,bkl6pCTAfNw
oZ_62YBtCYA,7961,23,19,0,12,oZ_62YBtCYA
yqmAJTaZuIU,40089,160,21,0,21,yqmAJTaZuIU
CBPWuKrCqjg,71550,407,33,0,269,CBPWuKrCqjg
uA0ct3mxi2c,14326,220,1,0,111,uA0ct3mxi2c
SFN-neBA0Kw,23833,181,13,0,32,SFN-neBA0Kw
w7Uh16djulc,35348,454,16,0,357,w7Uh16djulc
9P32iJWrSbc,5844,60,11,0,0,9P32iJWrSbc
KTIuRMO1mh0,154955,1303,101,0,NA,KTIuRMO1mh0
d95DeHGnDPM,65176,503,40,0,124,d95DeHGnDPM
iLL9YiucAAE,358,0,1,0,4,iLL9YiucAAE
rU16Q05NDGk,106362,1034,51,0,272,rU16Q05NDGk
WQH7IeswcDg,32031,436,11,0,72,WQH7IeswcDg
y_tIBWUz7_g,7258,83,2,0,9,y_tIBWUz7_g
iKVFMDACXpg,4281,11,8,0,8,iKVFMDACXpg
szNMYDWuCV4,67074,391,28,0,43,szNMYDWuCV4
OgQKjwo_Rms,16780,102,5,0,19,OgQKjwo_Rms
GoZ_Gxb92lo,11962,41,64,0,40,GoZ_Gxb92lo
Sf8ekVYCAbM,3284,28,11,0,19,Sf8ekVYCAbM
0SYMyG5ElGU,15641,180,5,0,87,0SYMyG5ElGU
Nq56kNPy06U,121484,1107,42,0,227,Nq56kNPy06U
SvnIHjILffE,17722,178,15,0,21,SvnIHjILffE
VBVTBmwuCjY,8717,NA,NA,0,85,VBVTBmwuCjY
uEf_LpcYk9U,6302,20,2,0,6,uEf_LpcYk9U
pWM38LgCkBk,11189,73,1,0,4,pWM38LgCkBk
NCtdxZL9S7k,24478,389,13,0,56,NCtdxZL9S7k
qDSZ4bzPppc,22178,107,7,0,20,qDSZ4bzPppc
lkJi6kJU2Mk,3851,69,1,0,18,lkJi6kJU2Mk
CLdzdZ9rsZ0,94193,762,93,0,210,CLdzdZ9rsZ0
HEIPLjE16fk,70900,1061,41,0,370,HEIPLjE16fk
QVOwOOV-5LI,33617,204,14,0,45,QVOwOOV-5LI
9Yog8Fx6ubc,36783,342,57,0,88,9Yog8Fx6ubc
msni1MA2GMQ,7751,39,8,0,57,msni1MA2GMQ
US_xspT9idY,71254,954,44,0,217,US_xspT9idY
CEEFfyjNrv8,33747,311,13,0,31,CEEFfyjNrv8
NlGyDEfETjM,102404,1091,44,0,131,NlGyDEfETjM
-6h0eCfvp8k,16618,65,74,0,5,-6h0eCfvp8k
oocvXM6ntUc,1577,4,2,0,2,oocvXM6ntUc
ai4D7kk9fHs,533,0,4,0,0,ai4D7kk9fHs
c6yrFFDv4p0,95163,644,32,0,86,c6yrFFDv4p0
X_EuwmeR1dc,123652,113,40,0,98,X_EuwmeR1dc
8x9hRT5Ta9o,1414,5,6,0,4,8x9hRT5Ta9o
GpqXfd8MZ0U,100,0,0,0,0,GpqXfd8MZ0U
2H20KxSaar4,12938,51,3,0,11,2H20KxSaar4
41LuaS4MsrA,34799,323,17,0,85,41LuaS4MsrA
ibBJKRvQP5I,28698,126,6,0,28,ibBJKRvQP5I
6zzIJkIWyaE,14559,26,80,0,172,6zzIJkIWyaE
g8YBE6rDLms,60,0,0,0,0,g8YBE6rDLms
HiTLKmtZY30,170,0,2,0,1,HiTLKmtZY30
oQll3_AzyvQ,37291,319,11,0,105,oQll3_AzyvQ
Ix4D8IYLYGU,19433,27,155,0,50,Ix4D8IYLYGU
vuodBKrAV_I,63954,709,28,0,126,vuodBKrAV_I
oirqm4wb0tg,5876,98,1,0,22,oirqm4wb0tg
hLYinBNENMk,78047,811,55,0,378,hLYinBNENMk
FjNFos7_5bQ,1259,1,1,0,6,FjNFos7_5bQ
aH8zKg47s68,15464,220,8,0,91,aH8zKg47s68
xpCldK4AJIw,18024,257,8,0,104,xpCldK4AJIw
QuWyDqEviaA,14108,245,23,0,42,QuWyDqEviaA
ovaKYP17W8c,10883,30,36,0,63,ovaKYP17W8c
fSjSMvIeSCU,129,0,0,0,0,fSjSMvIeSCU
MshgorwZ09A,9481,58,1,0,2,MshgorwZ09A
5e8ziBo_rIw,66327,983,56,0,NA,5e8ziBo_rIw
FnMjYcxUBL0,71423,474,53,0,52,FnMjYcxUBL0
ar1ZCon6T48,28667,68,70,0,103,ar1ZCon6T48
2-AbfytomwQ,36236,129,42,0,85,2-AbfytomwQ
aYMSKHb5PVc,150914,399,67,0,191,aYMSKHb5PVc
WRDsydanfUU,298,1,1,0,0,WRDsydanfUU
QLA4Nq648P4,127,0,0,0,2,QLA4Nq648P4
bO0EDiuOw6w,20691,71,19,0,99,bO0EDiuOw6w
aK_OWXVTz6Q,102,2,0,0,1,aK_OWXVTz6Q
VItEwuMr9jw,16277,198,4,0,26,VItEwuMr9jw
Xmx2jjqB954,136,0,0,0,2,Xmx2jjqB954
G5tXlgjqcFg,58307,529,42,0,245,G5tXlgjqcFg
1RnyDjaZI2Q,32657,224,79,0,42,1RnyDjaZI2Q
fSR3XfekGfY,19107,64,3,0,6,fSR3XfekGfY
vxaOZYDxzhE,27106,171,3,0,20,vxaOZYDxzhE
yqlPJzlD8xQ,7305,66,5,0,NA,yqlPJzlD8xQ
VTv2ohpRGL0,77,0,0,0,0,VTv2ohpRGL0
1C8u9pKOKcY,61,2,0,0,0,1C8u9pKOKcY
-HoiAEfgLGU,227,0,2,0,9,-HoiAEfgLGU
MnYXGU7a_kU,231,2,1,0,0,MnYXGU7a_kU
dM9vKY_AW-k,7264,6,10,0,8,dM9vKY_AW-k
bf7KUayiyYQ,2525,20,0,0,8,bf7KUayiyYQ
4MIhyDDiAJo,14624,15,43,0,17,4MIhyDDiAJo
gx01sVKDWqM,10995,117,5,0,37,gx01sVKDWqM
Mnzg2N494s8,30141,290,11,0,51,Mnzg2N494s8
acPTtwPoo18,201162,1830,126,0,493,acPTtwPoo18
WuXSFv8fzmM,15019,44,2,0,11,WuXSFv8fzmM
mMMIAalvaqE,2388,7,11,0,7,mMMIAalvaqE
KbPjVJBtVHU,18803,52,54,0,140,KbPjVJBtVHU
0NdguyywDWM,464,0,3,0,7,0NdguyywDWM
OjScM2mStos,7382,35,11,0,56,OjScM2mStos
W_RQSDSJ09M,74407,NA,NA,0,513,W_RQSDSJ09M
ua32KBPStHM,44182,760,16,0,121,ua32KBPStHM
5MvNGfW3KAQ,1442,NA,NA,0,9,5MvNGfW3KAQ
y0XHUwl-yJ0,9328,15,103,0,88,y0XHUwl-yJ0
Ql48P4VFqoo,71788,342,39,0,89,Ql48P4VFqoo
4bBgA9t-g9I,16615,51,8,0,4,4bBgA9t-g9I
kfPPDZAf2Rc,41927,84,5,0,55,kfPPDZAf2Rc
tBkJu5Yt4Xg,469,1,8,0,0,tBkJu5Yt4Xg
3vSzUrNnVS4,68786,316,8,0,62,3vSzUrNnVS4
OvdIOohS0Nw,57406,154,123,0,145,OvdIOohS0Nw
Q_CmYxty6Oo,71548,268,109,0,89,Q_CmYxty6Oo
gZjw_yg1VpU,9709,374,4,0,79,gZjw_yg1VpU
64Jra8EUyIQ,23292,150,22,0,0,64Jra8EUyIQ
-cbCR62Qfnw,41833,233,21,0,190,-cbCR62Qfnw
C-kx2xsypCk,8417,126,5,0,3,C-kx2xsypCk
HYDNJTWwb9w,18950,73,15,0,84,HYDNJTWwb9w
_zCLy-DtdF4,15873,33,79,0,86,_zCLy-DtdF4
KVG4zysHTvw,7242,52,12,0,29,KVG4zysHTvw
lYB0h7shhnI,117773,820,143,0,NA,lYB0h7shhnI
5qKaHBYVIXU,3952,22,1,0,4,5qKaHBYVIXU
UCPF0p2zvcE,501,1,1,0,5,UCPF0p2zvcE
kiFUXzZVB98,20008,140,29,0,87,kiFUXzZVB98
J8yM8nr28rg,5421,10,3,0,7,J8yM8nr28rg
HZRkdgUM6lU,19488,38,57,0,110,HZRkdgUM6lU
IL30Wr6cdfc,10846,280,3,0,43,IL30Wr6cdfc
81GLbXmSotU,31798,450,1,0,50,81GLbXmSotU
6QiCx__RJaU,1711,6,5,0,4,6QiCx__RJaU
MCi3K-AsbKs,3393,4,23,0,36,MCi3K-AsbKs
P2gRF68s1p4,3708,52,4,0,29,P2gRF68s1p4
LvqZnjO7Ksw,14990,169,4,0,38,LvqZnjO7Ksw
m7UdfU9dHAI,677,0,3,0,0,m7UdfU9dHAI
C7FOGK_G0qM,4101,20,0,0,0,C7FOGK_G0qM
u_c5w6-E7Eo,14107,103,33,0,145,u_c5w6-E7Eo
rwEOix84c_g,15782,664,19,0,143,rwEOix84c_g
LRvRBJqA_dU,28318,18,18,0,72,LRvRBJqA_dU
KXR042mxiO4,7536,34,11,0,8,KXR042mxiO4
ogP0yEBfhaM,4536,NA,NA,0,11,ogP0yEBfhaM
oeUJZU043DQ,231579,297,106,0,302,oeUJZU043DQ
xFhrn_J7zgM,4041,54,2,0,6,xFhrn_J7zgM
8wpcPg3-ZpQ,90607,795,42,0,162,8wpcPg3-ZpQ
uagC9Zq3_I0,36714,354,34,0,125,uagC9Zq3_I0
xVkYZsBpkPg,2974,35,2,0,7,xVkYZsBpkPg
zrtKf-FrOz0,24797,136,76,0,106,zrtKf-FrOz0
hqQ2iBErAII,14763,100,7,0,6,hqQ2iBErAII
34j8CYXRdKY,2927,8,3,0,7,34j8CYXRdKY
hGBZ7nv8NMs,1656,2,1,0,0,hGBZ7nv8NMs
Mvp8d9KMyt8,326726,1517,89,0,476,Mvp8d9KMyt8
n_WtYTQu5U0,2195,9,3,0,7,n_WtYTQu5U0
wQgqZ8gewwI,14037,63,16,0,31,wQgqZ8gewwI
Vqgd8JfE9q0,980,2,0,0,3,Vqgd8JfE9q0
-flDADKGdZg,679,5,1,0,2,-flDADKGdZg
ybAs7JR8CJs,28581,121,48,0,86,ybAs7JR8CJs
51ggHB2gdPs,17195,225,29,0,41,51ggHB2gdPs
qnuonRhzuOU,1378,11,0,0,1,qnuonRhzuOU
9GpwIE5Fnvw,12130,200,17,0,36,9GpwIE5Fnvw
rg8u4dCY7Zs,2312,60,1,0,25,rg8u4dCY7Zs
ogEONeJM3nA,728,1,6,0,3,ogEONeJM3nA
ZBeGURh7YEU,64956,524,34,0,66,ZBeGURh7YEU
atl292hcApE,3160,44,5,0,11,atl292hcApE
RYksUNddsBI,682,6,1,0,0,RYksUNddsBI
WDGTpPswsr8,7032,19,28,0,23,WDGTpPswsr8
fTdz9oAMj9w,29958,184,5,0,17,fTdz9oAMj9w
zbizSttKw7c,26594,478,28,0,63,zbizSttKw7c
Qwe341bOcFo,21022,173,13,0,45,Qwe341bOcFo
ldfL1gjG0KM,12212,67,3,0,47,ldfL1gjG0KM
7GJ9Eyc5bJ8,5184,274,1,0,39,7GJ9Eyc5bJ8
1MS-ob7vOaE,2359,17,8,0,27,1MS-ob7vOaE
yFmxyvlrQl4,4963,19,2,0,9,yFmxyvlrQl4
MH7yZWSVYaw,805,6,0,0,0,MH7yZWSVYaw
SUmMtbfbAAA,135,0,2,0,1,SUmMtbfbAAA
q5RSXDjRci4,1996,6,5,0,15,q5RSXDjRci4
iweWxCy6xO0,2122,27,3,0,7,iweWxCy6xO0
4conVIjJzBc,54,0,1,0,1,4conVIjJzBc
tD2rZ5UZ2E8,11617,46,25,0,55,tD2rZ5UZ2E8
ic9FsXrFr_o,21899,253,5,0,22,ic9FsXrFr_o
-oPAHOZ1xQo,19899,135,11,0,64,-oPAHOZ1xQo
WXYC1YfXi1Y,1007,6,3,0,5,WXYC1YfXi1Y
rIVUfm4qz3w,9225,200,2,0,106,rIVUfm4qz3w
Tnq93XCrxis,19406,45,63,0,89,Tnq93XCrxis
2HjSlwM38sk,49615,424,14,0,43,2HjSlwM38sk
QJ27DluzAIQ,19818,241,7,0,128,QJ27DluzAIQ
uD1s5mdac-o,12164,445,7,0,67,uD1s5mdac-o
dSBxjmbBzkw,206,0,1,0,0,dSBxjmbBzkw
iy7INbNbPeI,10381,19,1,0,74,iy7INbNbPeI
EDKltoEWmoU,42169,460,19,0,96,EDKltoEWmoU
hPZBZFTOtl4,183,0,0,0,0,hPZBZFTOtl4
-SwRnNcv9-w,298,1,1,0,0,-SwRnNcv9-w
1OJ8ElqP-kw,11461,188,7,0,45,1OJ8ElqP-kw
YJcoH5GSPlU,1073,0,1,0,0,YJcoH5GSPlU
W5Ep1-3jK3o,108,0,0,0,0,W5Ep1-3jK3o
a0M9ouu3kZA,7080,78,3,0,11,a0M9ouu3kZA
9zV7pR1ywZY,44419,639,15,0,87,9zV7pR1ywZY
uZLYNmxpATA,22755,129,24,0,150,uZLYNmxpATA
NmvdHH6gfgo,152451,731,185,0,328,NmvdHH6gfgo
6dOGJbjth8w,3266,43,1,0,15,6dOGJbjth8w
slUmxWMoLIE,16387,135,8,0,14,slUmxWMoLIE
dogMoH1m_2k,9088,16,5,0,3,dogMoH1m_2k
2lPlEcwtmu0,10249,107,5,0,37,2lPlEcwtmu0
clHAHBbn5HQ,20985,29,40,0,53,clHAHBbn5HQ
3gByYRUBolI,2565,4,3,0,1,3gByYRUBolI
-aE8EbZ9834,5531,11,18,0,15,-aE8EbZ9834
Lsp9eM-FD4Q,353,1,1,0,0,Lsp9eM-FD4Q
k1kHDGn3KDs,652,1,0,0,0,k1kHDGn3KDs
aFM7JqlSf34,122208,NA,NA,0,556,aFM7JqlSf34
xLhplBHECQg,6379,164,20,0,28,xLhplBHECQg
aj8meKRoTnQ,4551,26,6,0,0,aj8meKRoTnQ
mZKDT88Ldg8,2222,9,0,0,1,mZKDT88Ldg8
0gDPmvhQfwU,8757,28,72,0,71,0gDPmvhQfwU
nlorm5-vvWI,192,1,1,0,0,nlorm5-vvWI
HPhD03Y0U0U,623,0,0,0,0,HPhD03Y0U0U
6hSb02B_aCU,6008,52,2,0,22,6hSb02B_aCU
GmRFWtmjbUs,3349,121,2,0,38,GmRFWtmjbUs
aHaYTsEYfSY,29623,74,28,0,53,aHaYTsEYfSY
yAOC_TBSa44,14758,114,28,0,78,yAOC_TBSa44
MDimb_A0wPQ,1537,18,7,0,NA,MDimb_A0wPQ
hCGWtR0uU7Q,389,1,1,0,0,hCGWtR0uU7Q
-ehG-ZRH_F4,2994,29,2,0,7,-ehG-ZRH_F4
zdBtzu_m4MA,2666,15,2,0,4,zdBtzu_m4MA
nqPcbCT1-pw,14633,380,5,0,50,nqPcbCT1-pw
TuKibF_WSCE,505089,5892,227,0,1106,TuKibF_WSCE
bgLcS_Q10_E,3161,45,3,0,6,bgLcS_Q10_E
InILBCOIexY,299,2,0,0,0,InILBCOIexY
4MpWwxzDhFU,375,2,0,0,3,4MpWwxzDhFU
iaTeIum0jgk,10971,379,7,0,84,iaTeIum0jgk
yrhXr34qkCo,392,1,0,0,0,yrhXr34qkCo
Zg9P6SyuVpg,8556,61,1,0,31,Zg9P6SyuVpg
7BCjacKpgq8,1242,11,0,0,3,7BCjacKpgq8
fvAX22XJtWc,757,3,3,0,2,fvAX22XJtWc
UoP0cC7oQN0,11479,116,34,0,NA,UoP0cC7oQN0
zAXwgakv1C8,10261,90,4,0,2,zAXwgakv1C8
lRFJvSlYuCE,2958,30,1,0,10,lRFJvSlYuCE
bC7Wltny0ys,195861,567,106,0,159,bC7Wltny0ys
t8ip53WKXhU,14560,132,11,0,37,t8ip53WKXhU
zpz8BreDzmA,1401,7,1,0,1,zpz8BreDzmA
qZP_pbvExAg,696,0,4,0,0,qZP_pbvExAg
h9n7w7cgKFc,22328,31,20,0,12,h9n7w7cgKFc
JsiMDlvfsQ8,9099,91,3,0,13,JsiMDlvfsQ8
HTz9hj3vUxE,5657,30,2,0,6,HTz9hj3vUxE
DKlBRh3loyY,207,3,0,0,0,DKlBRh3loyY
x7_nbcyehy4,31815,100,5,0,29,x7_nbcyehy4
r-aNrYTxCGY,549,1,1,0,17,r-aNrYTxCGY
XWlMf23uLQE,279,2,1,0,0,XWlMf23uLQE
Q5wadvgSIGE,34738,336,22,0,39,Q5wadvgSIGE
YEe4EeAji0Y,1519,12,3,0,5,YEe4EeAji0Y
tXAAn4sIQOk,9177,36,18,0,13,tXAAn4sIQOk
HKjyFY3MoiM,14578,334,6,0,67,HKjyFY3MoiM
18VfE7VwfCk,13895,186,7,0,30,18VfE7VwfCk
pKVYBibkAWo,380,2,0,0,0,pKVYBibkAWo
m72korRg8O8,203,1,0,0,0,m72korRg8O8
WLaITZo7IfA,188,NA,NA,0,0,WLaITZo7IfA
XPfLoF0U48w,149,0,1,0,1,XPfLoF0U48w
DGqEiE4UYv8,21156,35,7,0,16,DGqEiE4UYv8
flcm4dU7SNQ,2478,11,17,0,28,flcm4dU7SNQ
1bVCR_BkDkg,111,0,0,0,0,1bVCR_BkDkg
XOpdM9u713M,2514,53,0,0,5,XOpdM9u713M
dRBrQoKjSTY,2523,NA,NA,0,4,dRBrQoKjSTY
Hq07Ucp-jgc,2049,6,7,0,6,Hq07Ucp-jgc
gn6WIpZkyKY,50,0,1,0,0,gn6WIpZkyKY
0IUYgYi-2v4,103,0,0,0,0,0IUYgYi-2v4
sr-yYqzMcV0,2816,8,1,0,4,sr-yYqzMcV0
JwDytf7cjmQ,3764,17,13,0,0,JwDytf7cjmQ
p3cW2ntaTYg,9788,83,4,0,22,p3cW2ntaTYg
_eAmuxBj9MI,2814,16,15,0,21,_eAmuxBj9MI
fefSCm2Rjow,19857,465,129,0,414,fefSCm2Rjow
kzdInFL7TxE,1841,0,4,0,7,kzdInFL7TxE
djQk_vzIYK0,13361,18,31,0,87,djQk_vzIYK0
ocE94F8So4g,2219,21,3,0,2,ocE94F8So4g
PoDa88H-_dE,4394,30,2,0,10,PoDa88H-_dE
LHEF56p7my0,4358,18,2,0,12,LHEF56p7my0
qGP0m7SU6aY,1092,2,10,0,6,qGP0m7SU6aY
ePkmNpR-bOs,3198,39,0,0,29,ePkmNpR-bOs
uAy5oWk_72g,2196,42,1,0,2,uAy5oWk_72g
lWxLlMXYn70,1892,7,7,0,0,lWxLlMXYn70
I_5XQ9aThKU,20717,706,69,0,146,I_5XQ9aThKU
6YaLDclt-A0,1924,15,1,0,3,6YaLDclt-A0
1lDRL1KtpUc,10031,358,6,0,63,1lDRL1KtpUc
kZz4b23hhWM,12062,111,15,0,28,kZz4b23hhWM
zzvbxfpX1Io,2933,5,2,0,5,zzvbxfpX1Io
EVvICwNzKP8,325,0,0,0,1,EVvICwNzKP8
ro6loGDaUEY,12223,131,5,0,24,ro6loGDaUEY
uFrxxUyvmg4,110,0,0,0,0,uFrxxUyvmg4
gTdT-DbMRp4,21094,54,72,0,45,gTdT-DbMRp4
pDLoYH34Mh8,875,2,1,0,14,pDLoYH34Mh8
FPuZ0ize2ZI,1458,2,1,0,4,FPuZ0ize2ZI
wlA-nSpkwF0,3854,41,3,0,3,wlA-nSpkwF0
-hNKKNCbFxo,2033,9,0,0,0,-hNKKNCbFxo
SAN0IlUWcLM,2428,10,4,0,NA,SAN0IlUWcLM
zU2t9XrnGhI,6764,39,164,0,261,zU2t9XrnGhI
Bg05peSEdqQ,15499,83,2,0,3,Bg05peSEdqQ
GNj4gmdiVB0,3498,55,3,0,13,GNj4gmdiVB0
onBXftXhIp8,11352,108,7,0,37,onBXftXhIp8
ZZxD06UHOps,29863,30,77,0,126,ZZxD06UHOps
mE6gGFxJnPo,49245,60,15,0,13,mE6gGFxJnPo
7xUH0Co--cU,562,7,1,0,0,7xUH0Co--cU
FB3tlq8du18,1903,13,5,0,0,FB3tlq8du18
mEXi0ZP9q90,51141,402,41,0,4,mEXi0ZP9q90
dQHZiY-lcJM,6105,33,3,0,14,dQHZiY-lcJM
sn2HYQo3G_Y,7870,295,4,0,62,sn2HYQo3G_Y
NSqvb0cOTnw,4940,16,27,0,31,NSqvb0cOTnw
NSdEF_3SZJo,8270,27,84,0,114,NSdEF_3SZJo
i7otXIluImY,2323,6,7,0,12,i7otXIluImY
H1s7js_C4c4,3702,48,5,0,8,H1s7js_C4c4
pF6e5og06zo,1424,3,5,0,7,pF6e5og06zo
59rKEcaAsPI,7085,7,23,0,31,59rKEcaAsPI
7Fa0htQudYk,97,0,0,0,0,7Fa0htQudYk
rqZUvclYRBk,1684,3,2,0,3,rqZUvclYRBk
bIEkmW38-gA,139,2,1,0,1,bIEkmW38-gA
MwD1nU56UhQ,255,1,0,0,0,MwD1nU56UhQ
rkhNCak2jqc,304,3,4,0,0,rkhNCak2jqc
Db4IoPS6sZ8,7685,56,6,0,12,Db4IoPS6sZ8
iJyyZpSXKCc,800,4,3,0,0,iJyyZpSXKCc
qObJlQM8NMA,603,8,0,0,3,qObJlQM8NMA
iHspKQ8cAvY,2363,17,1,0,NA,iHspKQ8cAvY
YdHvLJJeBUA,770,11,13,0,12,YdHvLJJeBUA
HVE9B6DG2hc,6503,17,4,0,3,HVE9B6DG2hc
wTKDQRsxq4o,220,1,0,0,0,wTKDQRsxq4o
DnqLQiOgUHk,333,6,0,0,0,DnqLQiOgUHk
RSaSzAx4zGM,957,2,7,0,7,RSaSzAx4zGM
PADl-xffi9A,14561,77,27,0,0,PADl-xffi9A
_ePvocLwJOY,3944,15,52,0,40,_ePvocLwJOY
nOgUInAdrWw,6388,NA,NA,0,NA,nOgUInAdrWw
fqObS94g_uo,8154,NA,NA,0,16,fqObS94g_uo
s7LF7qKZq5c,2182,4,14,0,4,s7LF7qKZq5c
62YDeKq4vQM,7800,212,1,0,37,62YDeKq4vQM
XEsW3rtS4-Q,175,2,1,0,1,XEsW3rtS4-Q
6vY-gkGWjyQ,3669,11,15,0,31,6vY-gkGWjyQ
cgZ4Th0imi4,470,0,0,0,6,cgZ4Th0imi4
l66yCfcu48Q,3402,119,1,0,14,l66yCfcu48Q
nvmF_ZFhp1A,8810,29,11,0,8,nvmF_ZFhp1A
lIkIioQiZBA,36897,NA,NA,0,34,lIkIioQiZBA
9dgYgrf7WYg,226687,161,594,0,537,9dgYgrf7WYg
VHAh1JFGVyg,1111,7,3,0,5,VHAh1JFGVyg
m4cg-yZiAkg,871,3,1,0,6,m4cg-yZiAkg
RAxqgyE0t7s,5315,74,3,0,19,RAxqgyE0t7s
YmFwKbPnugY,817,2,1,0,0,YmFwKbPnugY
488wysvVQ78,9835,64,2,0,48,488wysvVQ78
qsMa2azv-Zg,279,3,8,0,9,qsMa2azv-Zg
fvV0mZ43jeQ,1090,10,0,0,1,fvV0mZ43jeQ
GywVQfy0LGM,923,6,4,0,3,GywVQfy0LGM
tCSmiNBMFrY,12938,NA,NA,0,11,tCSmiNBMFrY
lzTQX8KeBPM,16,0,0,0,0,lzTQX8KeBPM
DbN5EOYDovg,15927,159,17,0,113,DbN5EOYDovg
VPn0OqVNINE,695,2,2,0,1,VPn0OqVNINE
4fpRDG4eapQ,1539,21,2,0,24,4fpRDG4eapQ
_Z9XbiiKdFc,1334,11,0,0,1,_Z9XbiiKdFc
hii9tf2n0_Q,5561,14,4,0,10,hii9tf2n0_Q
qF-m6ZUhTJo,21531,124,25,0,24,qF-m6ZUhTJo
u5IN9s7jSiw,698,0,0,0,0,u5IN9s7jSiw
jQEZhbuMywM,1394,10,0,0,7,jQEZhbuMywM
vIel-WjBWQY,11902,193,8,0,98,vIel-WjBWQY
GNzjfIIOpFs,425,1,0,0,0,GNzjfIIOpFs
rLznL2viucA,12367,253,7,0,62,rLznL2viucA
rj4lhRQH2Tg,4082,14,1,0,37,rj4lhRQH2Tg
GvNF9VtUs44,26,0,0,0,0,GvNF9VtUs44
V1lozW9J33Q,790,5,2,0,11,V1lozW9J33Q
PsBTUY6MneY,66,0,1,0,0,PsBTUY6MneY
58tHz-VhgEU,631,3,0,0,4,58tHz-VhgEU
Gl7KYFLxwLY,1663,8,1,0,3,Gl7KYFLxwLY
kXm2-VmDd4k,38,0,0,0,0,kXm2-VmDd4k
jecJi5v5dM4,1504,1,1,0,5,jecJi5v5dM4
UqET_uFcXmU,362,0,0,0,0,UqET_uFcXmU
SUOWs4njTXU,135,0,0,0,1,SUOWs4njTXU
86Na-DAI58Y,60,1,0,0,0,86Na-DAI58Y
0m-Uux5EOXE,120,1,2,0,0,0m-Uux5EOXE
RKscTquQs5Q,2373,4,9,0,6,RKscTquQs5Q
bLvQ4MOfe1A,7632,109,4,0,16,bLvQ4MOfe1A
koOfiW96zNs,13314,14,21,0,42,koOfiW96zNs
nv1OQbcBhbM,3205,74,1,0,11,nv1OQbcBhbM
bMz9DdTS7Fo,147,2,1,0,0,bMz9DdTS7Fo
sDb1MZqgOCg,1194,3,0,0,4,sDb1MZqgOCg
DrRo_zBPgu4,71,0,0,0,0,DrRo_zBPgu4
ak2hAyB_zjw,882,9,0,0,4,ak2hAyB_zjw
ki5ATzRnuoc,4445,18,23,0,20,ki5ATzRnuoc
fPjelbf2Nik,355,0,0,0,1,fPjelbf2Nik
OlQsRTbaGUc,957,6,1,0,16,OlQsRTbaGUc
xGe4WoVMtDo,906,4,0,0,6,xGe4WoVMtDo
jYNe-QazjmY,586,7,0,0,0,jYNe-QazjmY
1BVFzHBqc7k,309,1,1,0,2,1BVFzHBqc7k
Y9pjS7nAlnk,567,0,1,0,2,Y9pjS7nAlnk
VKsAYofnplY,744,0,1,0,0,VKsAYofnplY
7HNSv9u_7OE,5161,129,4,0,17,7HNSv9u_7OE
vHLiW3Qboi0,430,NA,NA,0,2,vHLiW3Qboi0
rcsi8iucEIc,84,0,1,0,2,rcsi8iucEIc
Fu8fKzzC4Ko,658,0,1,0,2,Fu8fKzzC4Ko
pkybE-7O94k,4366,59,4,0,14,pkybE-7O94k
dcRWSfJhJfU,823,1,6,0,1,dcRWSfJhJfU
Jj7Rs0TjIqc,3306,36,5,0,11,Jj7Rs0TjIqc
Cwp-SYtqOrE,8724,NA,NA,0,18,Cwp-SYtqOrE
liDKrA3nKyI,382,0,0,0,0,liDKrA3nKyI
X1KC7qzxGiw,712,3,1,0,5,X1KC7qzxGiw
mvk7TEzv-wI,570,2,0,0,3,mvk7TEzv-wI
6eu3ObxaXP0,9223,96,7,0,58,6eu3ObxaXP0
M9vUiNk2HWY,559,1,3,0,3,M9vUiNk2HWY
oM7EOWRMC_E,261,0,0,0,0,oM7EOWRMC_E
jLjvGmbws1o,8110,NA,NA,0,9,jLjvGmbws1o
jZ-m3thIpnA,161,1,0,0,1,jZ-m3thIpnA
gLxSrzq_h6I,3767,132,10,0,15,gLxSrzq_h6I
AQezZzOqv7M,8832,42,58,0,69,AQezZzOqv7M
SADs-2AzzI4,1318,9,0,0,8,SADs-2AzzI4
443zFU7Slb8,299,1,1,0,3,443zFU7Slb8
dGCPzc2EafE,318,7,0,0,3,dGCPzc2EafE
3T4JMlcruVI,775,9,0,0,0,3T4JMlcruVI
W2P5G_9PsWE,347,1,1,0,0,W2P5G_9PsWE
6MM5wwJFA1o,459,4,2,0,1,6MM5wwJFA1o
jwqg8svLKiA,8335,210,7,0,26,jwqg8svLKiA
0Oote4ZjKsk,84,1,1,0,0,0Oote4ZjKsk
54o_MqbxabQ,19,0,1,0,0,54o_MqbxabQ
rLjXV02_CAc,9833,18,71,0,117,rLjXV02_CAc
bcj5516zZGU,1709,29,1,0,8,bcj5516zZGU
KK35IRwTeLg,1258,3,1,0,5,KK35IRwTeLg
6m6wh8Q8ZlM,941,4,9,0,7,6m6wh8Q8ZlM
nBg7yKRBMXw,619,2,1,0,2,nBg7yKRBMXw
MaPBjATHrjo,1851,18,23,0,25,MaPBjATHrjo
0sWD1NNqMeI,305,1,2,0,0,0sWD1NNqMeI
3Jb4JFbik4U,271,3,1,0,0,3Jb4JFbik4U
Vp4b5SvN1Yw,814,1,3,0,8,Vp4b5SvN1Yw
2g_WuU1InGc,1375,4,12,0,6,2g_WuU1InGc
xtTDbca06f0,39241,37,43,0,28,xtTDbca06f0
EiNOuqho8o4,481,2,1,0,3,EiNOuqho8o4
uhgtXeSeQg4,3394,7,11,0,7,uhgtXeSeQg4
QEotHtVpuKM,2323,28,0,0,4,QEotHtVpuKM
iSqsdT6B4AU,758,17,0,0,0,iSqsdT6B4AU
sz4W2CumEmI,620,NA,NA,0,NA,sz4W2CumEmI
ilbgBg8XkaQ,10190,354,2,0,92,ilbgBg8XkaQ
zpLIFE7K1ms,252,2,0,0,1,zpLIFE7K1ms
iKO-I1YOhmw,100,0,1,0,0,iKO-I1YOhmw
sYAacrf3HQs,1055,1,0,0,2,sYAacrf3HQs
6gjHSA8vVM8,607,2,1,0,4,6gjHSA8vVM8
HOylpQa4MhI,224,NA,NA,0,NA,HOylpQa4MhI
ZZntslAK8eg,3911,60,4,0,24,ZZntslAK8eg
2keWCz8XGag,9374,163,8,0,94,2keWCz8XGag
qZ8lbvB4-Cw,420,1,0,0,6,qZ8lbvB4-Cw
E8ode5wcRgE,444,0,0,0,0,E8ode5wcRgE
wgqS2a6nBls,5034,NA,NA,0,21,wgqS2a6nBls
RUu4fkns2Ls,280,1,0,0,0,RUu4fkns2Ls
REqwWEKBpLE,331,0,0,0,2,REqwWEKBpLE
Bnqzo7r1VGk,775,3,7,0,3,Bnqzo7r1VGk
XyV3X3MpO-w,423,3,10,0,6,XyV3X3MpO-w
LaPUQ9Y6R1A,160,0,0,0,0,LaPUQ9Y6R1A
ubRnuEEW2LM,719,2,3,0,12,ubRnuEEW2LM
RspDVfVHJZU,788,5,0,0,1,RspDVfVHJZU
-8X64psZyLA,3840,48,4,0,10,-8X64psZyLA
8RHpk7pyfHA,264,NA,NA,0,3,8RHpk7pyfHA
3xRPWz94wnA,6461,64,6,0,11,3xRPWz94wnA
qFgnVqLG884,635,0,2,0,10,qFgnVqLG884
ainPzg6I5yA,1213,6,17,0,10,ainPzg6I5yA
_tXDR5wDCBU,3640,21,1,0,9,_tXDR5wDCBU
eRqpB4ByJC4,154,3,0,0,2,eRqpB4ByJC4
lhs45_iUbmc,1065,5,2,0,1,lhs45_iUbmc
kXpS91gE-v0,142,2,0,0,0,kXpS91gE-v0
l7ko75mpsgg,697,1,6,0,8,l7ko75mpsgg
NYnVxNTTv68,773,6,5,0,11,NYnVxNTTv68
mSpc_08bjkM,4135,8,45,0,41,mSpc_08bjkM
BmIRPtPH11w,4454,6,31,0,10,BmIRPtPH11w
ypw15l0Zans,17,NA,NA,0,NA,ypw15l0Zans
s2yF8TcbdEg,0,0,0,0,0,s2yF8TcbdEg
7zHavy7AZag,3,0,0,0,0,7zHavy7AZag
BcAvyzUG8b8,137998,3633,113,0,1324,BcAvyzUG8b8
Srp4y1lfagM,94136,2891,136,0,812,Srp4y1lfagM
kx-xJm8QJa4,182694,2348,87,0,600,kx-xJm8QJa4
KCYmWwGjzBU,38119,889,50,0,16,KCYmWwGjzBU
IizSv0dzq_4,366680,3744,276,0,1609,IizSv0dzq_4
gbIjTZ-6-Tw,22040,928,11,0,286,gbIjTZ-6-Tw
tRfwbn7mPsw,690416,5290,391,0,4236,tRfwbn7mPsw
Q6ROtilGPH0,282524,2716,84,0,880,Q6ROtilGPH0
MDEeAHK_rgY,13284,470,27,0,142,MDEeAHK_rgY
a7Vicm_NgTM,269736,1400,79,0,1942,a7Vicm_NgTM
FNgPpRyjL_w,24130,614,27,0,216,FNgPpRyjL_w
fDhHPYhrQsM,32033,567,16,0,137,fDhHPYhrQsM
6CXobUuF_P4,56144,949,70,0,597,6CXobUuF_P4
k2AO7VHyjUA,32118,238,39,0,58,k2AO7VHyjUA
dGqLazWqFjs,1073419,4301,341,0,2419,dGqLazWqFjs
7fgGd8FKu6c,122855,2381,177,0,827,7fgGd8FKu6c
mK7lX0_VvNQ,15292,734,10,0,155,mK7lX0_VvNQ
7gxmqLPA_3s,297970,5203,460,0,2424,7gxmqLPA_3s
1rUIvwicNGY,9333,660,17,0,3,1rUIvwicNGY
Kt0wzMKz7qI,19084,849,28,0,246,Kt0wzMKz7qI
4ddzKE7rgbE,660325,NA,NA,0,1010,4ddzKE7rgbE
KY3PeZpeshs,7045,122,5,0,20,KY3PeZpeshs
dNApoZvv_xs,7428,213,5,0,49,dNApoZvv_xs
5jOe0Mx63Ac,515779,4233,404,0,553,5jOe0Mx63Ac
PhNvYE5EnFY,431053,7043,295,0,1554,PhNvYE5EnFY
PvTUVGcq80o,908814,10631,522,0,2659,PvTUVGcq80o
d-FuQX3UBO8,329711,1738,523,0,4589,d-FuQX3UBO8
sTBF-_1VL8s,394960,5978,119,0,1057,sTBF-_1VL8s
jBtF7HMYmuo,41831,1342,37,0,342,jBtF7HMYmuo
dHh8dZhb5BU,30629,1130,17,0,241,dHh8dZhb5BU
JuZJJ5AnMqw,25408,855,17,0,88,JuZJJ5AnMqw
gQDywIRdn9I,11278,435,15,0,75,gQDywIRdn9I
UBqi96_a0B0,344534,2657,362,0,428,UBqi96_a0B0
_B7n7LdxpGQ,545877,4024,803,0,1158,_B7n7LdxpGQ
HsJzi2dm9HU,3519,197,2,0,43,HsJzi2dm9HU
XhoVvwnMSOY,39570,520,19,0,173,XhoVvwnMSOY
-wq21oyADGU,823949,4726,280,0,1367,-wq21oyADGU
qzfLVekjPJA,7574,635,4,0,240,qzfLVekjPJA
tm9HhIFr5ZM,24950,880,28,0,287,tm9HhIFr5ZM
sbtqjPE1Wfg,43511,1225,40,0,387,sbtqjPE1Wfg
M_8rm2kvhjE,101629,1938,150,0,671,M_8rm2kvhjE
kz99usJoavo,176585,2104,66,0,437,kz99usJoavo
tlvihszEZC8,72211,1516,71,0,0,tlvihszEZC8
-ziZBUQlPH0,313356,2050,55,0,920,-ziZBUQlPH0
KehAOxMfM4U,19234,435,24,0,1,KehAOxMfM4U
eb5bVEL3Um8,51421,1172,30,0,160,eb5bVEL3Um8
OKECphdstLc,28535,1238,14,0,201,OKECphdstLc
yCCGo9s2oAA,117138,1244,97,0,502,yCCGo9s2oAA
aMTMj02ZSCU,36395,1121,36,0,275,aMTMj02ZSCU
tmUr06qw-sM,59106,794,69,0,207,tmUr06qw-sM
cDEzTY61kTg,222305,4697,101,0,1007,cDEzTY61kTg
XV8ZMLwysBI,20376,515,24,0,62,XV8ZMLwysBI
yXcc-iZBTj8,12910,401,11,0,69,yXcc-iZBTj8
dcTVRmU2tZk,58123,2284,51,0,416,dcTVRmU2tZk
39n-oO6jlBk,1023780,6079,588,0,4485,39n-oO6jlBk
Y_0hshR9RvY,202948,2562,49,0,510,Y_0hshR9RvY
ReAK5CEoBhg,70859,438,17,0,138,ReAK5CEoBhg
2wJLbjAqv4M,12536,548,13,0,134,2wJLbjAqv4M
ODexLVW7GMQ,39183,1032,41,0,197,ODexLVW7GMQ
ALsaE9VLBDI,6733,401,3,0,53,ALsaE9VLBDI
ipCmg7Le7nE,212864,1368,119,0,621,ipCmg7Le7nE
cucA_eG3-P0,246944,3565,47,0,683,cucA_eG3-P0
xkadfdp98x4,192176,1274,194,0,645,xkadfdp98x4
UzX93I6n4jg,81215,743,35,0,253,UzX93I6n4jg
3Ca4DXbzd5o,96212,3071,374,0,421,3Ca4DXbzd5o
aMvDHPpozZY,26331,1045,11,0,180,aMvDHPpozZY
iYJNOqijY7U,315681,2784,252,0,2337,iYJNOqijY7U
gjRExR4n87E,94754,2749,43,0,561,gjRExR4n87E
JCaZnO2tNiE,251914,2474,313,0,812,JCaZnO2tNiE
-afU0dniB4k,17759,735,37,0,166,-afU0dniB4k
PxStAKNrEjg,203253,1577,142,0,442,PxStAKNrEjg
_ttpwW27ULs,122158,2265,55,0,584,_ttpwW27ULs
ius6msSePEU,28606,438,12,0,141,ius6msSePEU
6Oepd2duyAg,85175,389,152,0,146,6Oepd2duyAg
2eVYQjhpiJM,40195,1244,51,0,361,2eVYQjhpiJM
s_YjmTuXcGk,491002,2540,130,0,646,s_YjmTuXcGk
2XlOY6TyIwQ,3145,417,1,0,82,2XlOY6TyIwQ
WfyPLXsKxxg,198718,4017,119,0,1030,WfyPLXsKxxg
O4RRQqUy3XQ,64509,1364,78,0,519,O4RRQqUy3XQ
5qR3LRnvzKM,11194,412,5,0,97,5qR3LRnvzKM
KcbuS0V02ro,14118,239,26,0,50,KcbuS0V02ro
ydxBpf-cprI,26766,1266,10,0,183,ydxBpf-cprI
CyyZZ_X0Z7w,72576,1378,109,0,778,CyyZZ_X0Z7w
fKYFl7lopkU,54619,2193,50,0,508,fKYFl7lopkU
32kBdFRxkNg,147979,3453,117,0,995,32kBdFRxkNg
FqtmoAv87hY,364643,NA,NA,0,505,FqtmoAv87hY
aR8x7VseR-c,8287,218,10,0,47,aR8x7VseR-c
jCRLknssceY,643667,3749,129,0,1564,jCRLknssceY
gYGyxpVX7jI,98867,1257,85,0,802,gYGyxpVX7jI
NePFSc3hzG4,8828,502,15,0,2,NePFSc3hzG4
O6QMKwd0w5Q,240763,4634,137,0,1090,O6QMKwd0w5Q
yzaAW5j9YgQ,1138,59,2,0,17,yzaAW5j9YgQ
Bun91XbVZJQ,32820,NA,NA,0,NA,Bun91XbVZJQ
9f8LSc_AVbY,1305980,16232,733,0,3936,9f8LSc_AVbY
9Viyswpa9UU,17612,461,9,0,78,9Viyswpa9UU
HYfpGmT7RyM,2907,111,20,0,62,HYfpGmT7RyM
kuQa1Q0GlOs,161328,1718,33,0,228,kuQa1Q0GlOs
Mvp8d9KMyt8,326726,1517,89,0,476,Mvp8d9KMyt8
lXHEVTupJ7I,22814,787,16,0,260,lXHEVTupJ7I
z8hCcRHCAcw,186017,1073,49,0,760,z8hCcRHCAcw
ifMyim0Fv2o,16900,754,11,0,138,ifMyim0Fv2o
N4z2bSW_Vbk,4090,181,7,0,21,N4z2bSW_Vbk
EQsavDDnTKY,5249,158,9,0,35,EQsavDDnTKY
ZMQIeJ3LvWo,15975,264,22,0,43,ZMQIeJ3LvWo
kPgHE3OIk28,294273,2027,76,0,942,kPgHE3OIk28
f_B81oGOaFQ,62602,476,19,0,95,f_B81oGOaFQ
ibrGgKYL3ug,4670,38,98,0,77,ibrGgKYL3ug
hwCnro6zwRE,48054,966,24,0,187,hwCnro6zwRE
xis61Sxsosw,16812,1213,21,0,231,xis61Sxsosw
cDOc2ggUTqE,44223,300,17,0,170,cDOc2ggUTqE
xP4I85twEUk,11108,534,6,0,110,xP4I85twEUk
3ee4aLyDkIA,301955,4361,250,0,1156,3ee4aLyDkIA
NmvdHH6gfgo,152451,731,185,0,328,NmvdHH6gfgo
DX60FH_8084,14971,440,9,0,72,DX60FH_8084
KD0WB_1VIh8,20745,341,3,0,93,KD0WB_1VIh8
zh5l4pHd_ac,16967,255,6,0,55,zh5l4pHd_ac
XBNOv7uEs9I,49590,1274,51,0,270,XBNOv7uEs9I
eJcnYAuuuPU,270448,4099,99,0,961,eJcnYAuuuPU
RwFFJywvqJ4,983473,4151,368,0,2617,RwFFJywvqJ4
wDecD4_bUnc,55879,700,12,0,96,wDecD4_bUnc
2awkwWmE_U4,950343,4312,638,0,1236,2awkwWmE_U4
yYK38hL7G1Y,89490,1651,49,0,213,yYK38hL7G1Y
LddpyjzkUpI,162657,761,446,0,892,LddpyjzkUpI
UAPiAZ5m9QQ,11451,267,10,0,55,UAPiAZ5m9QQ
dbB9WIFA96E,146665,843,103,0,420,dbB9WIFA96E
PdXTgB0o-Jc,88426,985,33,0,243,PdXTgB0o-Jc
rC2J1tEaprs,12837,474,3,0,52,rC2J1tEaprs
rkKsrsHCRDc,196842,2001,194,0,1041,rkKsrsHCRDc
1XPu6uPwHf8,180021,1409,270,0,283,1XPu6uPwHf8
WPfkeGu8SZY,34663,1366,17,0,222,WPfkeGu8SZY
wUH-pYbMt6I,137710,629,45,0,651,wUH-pYbMt6I
mgqLH64PZDA,75319,880,15,0,272,mgqLH64PZDA
XLKNVdy60m4,138358,2143,48,0,294,XLKNVdy60m4
iOLyXv74UJ0,274131,4507,93,0,823,iOLyXv74UJ0
DWxD00j0Wl8,658361,1681,1016,0,2163,DWxD00j0Wl8
Jzapi2EGi_g,204527,1366,16,0,694,Jzapi2EGi_g
aLDTFejmitE,24254,444,14,0,185,aLDTFejmitE
3bcfhz33M_M,201516,1476,57,0,955,3bcfhz33M_M
H5IK_4HELuw,76946,1999,92,0,598,H5IK_4HELuw
e84FMZGTzfU,70057,1004,42,0,415,e84FMZGTzfU
cAmJja4G6-Q,59587,632,60,0,279,cAmJja4G6-Q
JE_Uf-oMo1Y,260521,2166,406,0,1341,JE_Uf-oMo1Y
EgxJvL19kfw,70717,1311,103,0,562,EgxJvL19kfw
on8a_LCGR4s,53522,983,44,0,291,on8a_LCGR4s
uMwzkyb5Ut8,786,107,0,0,12,uMwzkyb5Ut8
voZO5heXcaI,51565,926,43,0,205,voZO5heXcaI
3ledjjMCVyw,19010,380,11,0,63,3ledjjMCVyw
eRXAW-0zu7M,491374,2326,155,0,1063,eRXAW-0zu7M
1Y_H0TQ1jeg,40109,975,14,0,137,1Y_H0TQ1jeg
trxOaNqUq9o,13016,547,21,0,119,trxOaNqUq9o
L5yXkmz6BfY,58780,847,9,0,200,L5yXkmz6BfY
i0XKxX17nXo,700601,2809,190,0,883,i0XKxX17nXo
oRy4e3wI8m4,151947,611,162,0,196,oRy4e3wI8m4
Y_kUB7XCRK8,109060,1385,74,0,320,Y_kUB7XCRK8
0tGSWklE5-k,10053,445,3,0,0,0tGSWklE5-k
19duO5jMPrQ,13186,533,14,0,130,19duO5jMPrQ
RdKqqh8WfgE,8191,213,8,0,44,RdKqqh8WfgE
P3O08GEBZws,9256,322,11,0,81,P3O08GEBZws
R4SFquvXuP0,1691,105,8,0,13,R4SFquvXuP0
dPttXPBPP3Y,121343,3126,32,0,634,dPttXPBPP3Y
l3AkhN1zgkU,74090,1212,36,0,232,l3AkhN1zgkU
4JSBgRFd4Ks,66286,1430,88,0,463,4JSBgRFd4Ks
7yylMVSdFtY,45610,1010,24,0,253,7yylMVSdFtY
eHdrupdkwOE,8253,365,8,0,97,eHdrupdkwOE
TcZ8_nK4LaE,3892,242,1,0,48,TcZ8_nK4LaE
0q60zNKiWLo,13553,574,10,0,26,0q60zNKiWLo
3Av4cap8ZAk,17672,331,24,0,115,3Av4cap8ZAk
x6zkTZeFDXk,3146,115,8,0,7,x6zkTZeFDXk
rTQz62dlLDA,73267,1547,43,0,598,rTQz62dlLDA
n5nhtFbduyE,122291,1286,587,0,942,n5nhtFbduyE
XbU0rdthJKc,72842,1886,88,0,428,XbU0rdthJKc
BbefvSAcMCY,89599,1547,36,0,166,BbefvSAcMCY
uLhcQyFMzYo,111,3,1,0,0,uLhcQyFMzYo
DH277KZ16AI,53070,1125,61,0,319,DH277KZ16AI
m6OgM9h5c4s,7989,242,5,0,35,m6OgM9h5c4s
EBeXm7QUg4Y,23587,563,11,0,118,EBeXm7QUg4Y
Rf3YzxNNGms,25029,629,11,0,109,Rf3YzxNNGms
drN9zNF5QG0,12797,253,7,0,24,drN9zNF5QG0
vn_r6UW7TNk,131226,1073,18,0,118,vn_r6UW7TNk
iB0BaB0Or7U,29855,137,64,0,251,iB0BaB0Or7U
VLZhMxGzqHE,15858,479,2,0,83,VLZhMxGzqHE
Z4oVjB90CVc,6744,255,3,0,45,Z4oVjB90CVc
P-gd7xAVqdc,14662,500,4,0,83,P-gd7xAVqdc
RWeRG9bM3a4,56489,265,16,0,49,RWeRG9bM3a4
rek1v0VAX98,62249,630,44,0,263,rek1v0VAX98
PZ_PCQz2QX8,16182,752,15,0,124,PZ_PCQz2QX8
Z32ivbYfqnM,107604,1206,12,0,315,Z32ivbYfqnM
mGj-Pa8pD-Y,1474,63,4,0,NA,mGj-Pa8pD-Y
pguiXk9jCsk,3269,113,0,0,29,pguiXk9jCsk
r2jOddRuz0M,183880,1217,19,0,160,r2jOddRuz0M
A0M-O_3FApw,104,6,0,0,1,A0M-O_3FApw
R8C0Z7i_Qtc,74904,1509,24,0,335,R8C0Z7i_Qtc
O50i3Hak6Mo,4632,440,3,0,29,O50i3Hak6Mo
G25Qc40266I,3386,161,3,0,21,G25Qc40266I
LjtbVVOI-d8,38464,886,16,0,221,LjtbVVOI-d8
TLYDf_oQnI0,41459,52,81,0,119,TLYDf_oQnI0
LsVOOf-5EMA,167079,2274,70,0,386,LsVOOf-5EMA
cuc1LB5pPWI,12372,160,53,0,223,cuc1LB5pPWI
PH16Q-Y7loA,1982,164,4,0,45,PH16Q-Y7loA
7GnixbRPIU4,6046,22,11,0,19,7GnixbRPIU4
GnEC2KWQMsA,190693,1208,545,0,746,GnEC2KWQMsA
7sTpTE3VIec,118760,1131,135,0,205,7sTpTE3VIec
tQ2Bml6KDEo,2515,132,0,0,42,tQ2Bml6KDEo
DmTgp2WjN0g,22438,604,10,0,118,DmTgp2WjN0g
qtIGYTgCpSc,62966,1840,72,0,218,qtIGYTgCpSc
O_aB9ESl_5I,71622,564,88,0,304,O_aB9ESl_5I
9zV7pR1ywZY,44419,639,15,0,87,9zV7pR1ywZY
RcNIxg1fYJM,12609,157,21,0,214,RcNIxg1fYJM
w_tj4ENjvIA,73086,398,8,0,107,w_tj4ENjvIA
ggG-GRpxVdE,12000,120,20,0,34,ggG-GRpxVdE
aVjz6tsCh6c,11246,185,15,0,48,aVjz6tsCh6c
F6dmL5PVKN4,11760,393,9,0,119,F6dmL5PVKN4
Ke-P8Yo-aqI,16437,34,105,0,81,Ke-P8Yo-aqI
HHj_7moj3SE,189425,1385,22,0,267,HHj_7moj3SE
GdCrWvvT3jM,23905,526,31,0,124,GdCrWvvT3jM
EhQSaQMqx4Q,2487,72,5,0,0,EhQSaQMqx4Q
JbvSJY7P4bE,7597,138,1,0,15,JbvSJY7P4bE
neS-4Dd4uMc,1712,67,0,0,5,neS-4Dd4uMc
k7rM22vxXbQ,425,31,0,0,0,k7rM22vxXbQ
ie1FTeLCE9k,57944,719,83,0,352,ie1FTeLCE9k
q6DutIWa1Mw,37980,524,22,0,80,q6DutIWa1Mw
zlLlH1JHTUQ,2849,118,1,0,0,zlLlH1JHTUQ
ADq4CjlVquo,5065,212,1,0,24,ADq4CjlVquo
EZyoD26bnpg,118837,2085,136,0,463,EZyoD26bnpg
MUCLuZwcBwA,664,46,0,0,3,MUCLuZwcBwA
5bJDvshK1TY,297,22,0,0,6,5bJDvshK1TY
Zdy7UDP9MGk,28175,NA,NA,0,41,Zdy7UDP9MGk
-ISS-8kWS2w,10150,467,1,0,127,-ISS-8kWS2w
-xnf1pSztGQ,14393,405,9,0,46,-xnf1pSztGQ
zHvSLZZ3Ev0,39876,1118,10,0,233,zHvSLZZ3Ev0
AGe4ZAhwyyk,75825,789,58,0,310,AGe4ZAhwyyk
NJHezqszrw8,71,0,0,0,0,NJHezqszrw8
2Xsw_n2hqZA,629,68,1,0,19,2Xsw_n2hqZA
ZcD8zubA3gc,9683,408,9,0,45,ZcD8zubA3gc
ESbIeZ_kAJE,72875,1069,18,0,156,ESbIeZ_kAJE
rExm9y4AFdg,48343,538,4,0,82,rExm9y4AFdg
j1Sl0_O0v6I,26771,357,11,0,137,j1Sl0_O0v6I
z18yO3yVGF4,61,0,0,0,1,z18yO3yVGF4
c19TiuOKrUQ,25776,776,17,0,230,c19TiuOKrUQ
yppPegjsdzw,10792,135,7,0,31,yppPegjsdzw
udF4v52Z6AI,40387,1072,81,0,310,udF4v52Z6AI
UeDpXmIFZrw,13099,322,5,0,77,UeDpXmIFZrw
AABM0-1mxfI,8885,422,10,0,91,AABM0-1mxfI
6_WeBKTxyVA,8441,347,10,0,31,6_WeBKTxyVA
Ayg7fVj9MeI,38748,157,89,0,159,Ayg7fVj9MeI
UDLT5VXLrm8,1585,148,4,0,2,UDLT5VXLrm8
FH76CFTZ278,38801,272,0,0,43,FH76CFTZ278
cMY3zep_cDs,1101,52,3,0,0,cMY3zep_cDs
4vPFRFNVbnw,47596,351,65,0,89,4vPFRFNVbnw
5VvKnbGahb8,43739,1021,9,0,103,5VvKnbGahb8
ZpTXvIY9Gi4,60064,917,19,0,160,ZpTXvIY9Gi4
gn8sSKBLTdc,26303,338,20,0,88,gn8sSKBLTdc
anR9UudrXlY,31537,481,27,0,90,anR9UudrXlY
6_2fLq1RaPo,105086,612,57,0,332,6_2fLq1RaPo
yDy8z45e80E,52062,754,32,0,216,yDy8z45e80E
P8p1jFiF92s,41562,101,352,0,230,P8p1jFiF92s
bw0LSdNdIAE,9093,300,6,0,36,bw0LSdNdIAE
WYb-7FZKAjU,12359,227,4,0,7,WYb-7FZKAjU
ms7SLGjc3Hc,13239,222,4,0,31,ms7SLGjc3Hc
fV923d6hHk4,614,8,1,0,1,fV923d6hHk4
OzDqJlBFMLo,14734,109,21,0,68,OzDqJlBFMLo
-ZRcy40Mn3Y,2911,116,3,0,10,-ZRcy40Mn3Y
Sr8K-wdDCiw,7399,243,15,0,57,Sr8K-wdDCiw
P-0MHQD7qbo,15181,320,29,0,166,P-0MHQD7qbo
nOJ5k6P99i0,88039,1583,36,0,370,nOJ5k6P99i0
hUk56ixItaw,33747,371,21,0,55,hUk56ixItaw
G5P4snppyPA,1499,11,1,0,6,G5P4snppyPA
cMX-JfhxpmQ,14688,344,7,0,41,cMX-JfhxpmQ
_uh-qmdbFRs,112319,1265,80,0,244,_uh-qmdbFRs
Q2u3OwheqDg,4190,65,8,0,17,Q2u3OwheqDg
6YDbWCQW7KM,30970,489,1,0,70,6YDbWCQW7KM
kht7ErAa_5w,14230,317,4,0,50,kht7ErAa_5w
ZXQWIf76ggc,19001,373,80,0,261,ZXQWIf76ggc
41LuaS4MsrA,34799,323,17,0,85,41LuaS4MsrA
CeTR7ChXX9s,1981,81,3,0,14,CeTR7ChXX9s
cMhNA27SBcE,8476,28,10,0,5,cMhNA27SBcE
gKtDnUvFTtU,9817,180,5,0,21,gKtDnUvFTtU
6YmtlE7WRwk,4750,219,2,0,34,6YmtlE7WRwk
lcTjPXasb4E,26613,478,15,0,165,lcTjPXasb4E
7uSQCZ5acZY,2952,169,1,0,27,7uSQCZ5acZY
u-SkyXD8PXo,34988,328,157,0,114,u-SkyXD8PXo
VyQOrDLCXMU,9018,166,4,0,29,VyQOrDLCXMU
KQQQj0336kY,88576,586,18,0,204,KQQQj0336kY
WV2bRrbn9gI,2268,23,0,0,5,WV2bRrbn9gI
ZyGytV5LJmo,2652,118,0,0,10,ZyGytV5LJmo
amb3moyVGMs,11344,45,60,0,119,amb3moyVGMs
LeV9QkUTVHs,1159,53,2,0,11,LeV9QkUTVHs
QDcl-af0UgY,39074,636,11,0,129,QDcl-af0UgY
h6WMpS9lcgU,5310,348,2,0,86,h6WMpS9lcgU
5NTIHR0mbYU,52819,1009,18,0,299,5NTIHR0mbYU
ceBn5zxj9YE,73706,1081,11,0,193,ceBn5zxj9YE
044REhmtNFA,307231,4325,191,0,1502,044REhmtNFA
2gco6tX-fJo,6012,172,1,0,29,2gco6tX-fJo
WmNe3v33JxE,278,13,0,0,0,WmNe3v33JxE
ZUEyoj291JI,20955,617,5,0,61,ZUEyoj291JI
tUjmLmZ6GN8,1600,198,0,0,56,tUjmLmZ6GN8
oiA_aVilfxM,1056,43,7,0,4,oiA_aVilfxM
9F69eks_Y0Y,8065,268,2,0,41,9F69eks_Y0Y
lVsMUp5l8I4,10662,NA,NA,0,39,lVsMUp5l8I4
ChfFq8Pb6-8,7725,227,4,0,3,ChfFq8Pb6-8
cwPq2nXFx3g,33084,511,40,0,328,cwPq2nXFx3g
cB5kjmwcd8E,15655,94,0,0,9,cB5kjmwcd8E
vE8P8_2ntMU,8803,273,9,0,34,vE8P8_2ntMU
zsN2bSzxRKs,214,4,1,0,0,zsN2bSzxRKs
SR06iyEzQsw,3707,150,3,0,14,SR06iyEzQsw
9PP3m9nkfR0,66542,95,141,0,248,9PP3m9nkfR0
yru9QeKCHiI,91407,NA,NA,0,51,yru9QeKCHiI
-kKGtExKztk,64,1,0,0,0,-kKGtExKztk
RqnQ1ZmIXo8,15797,88,2,0,43,RqnQ1ZmIXo8
qoQDay_PJMQ,8502,238,1,0,45,qoQDay_PJMQ
ud-ug5L8YOc,1280,54,7,0,24,ud-ug5L8YOc
eol_X6J2HXg,23222,NA,NA,0,46,eol_X6J2HXg
OKxfssoFP6A,6946,148,5,0,53,OKxfssoFP6A
SDd2_zTLX0k,8902,392,4,0,40,SDd2_zTLX0k
mS1bOM1JKnY,3271,89,3,0,35,mS1bOM1JKnY
-TuhMmkwq6Y,14558,283,4,0,34,-TuhMmkwq6Y
GJD6hxd5Q_k,12587,NA,NA,0,7,GJD6hxd5Q_k
zFZo-brSsOU,65180,828,129,0,391,zFZo-brSsOU
B0-2IIBR4To,30312,849,13,0,205,B0-2IIBR4To
iKlk2wLK_nU,17282,421,5,0,156,iKlk2wLK_nU
m6nHOn7PE2g,3583,128,3,0,1,m6nHOn7PE2g
MsZWuQfDZwA,12084,444,2,0,37,MsZWuQfDZwA
tmcXa-JvWtY,7433,148,2,0,20,tmcXa-JvWtY
-yuZPVvOSwM,20382,365,48,0,75,-yuZPVvOSwM
t7TMu4p9aUc,5548,299,1,0,52,t7TMu4p9aUc
792R9F0H0J4,8058,306,4,0,48,792R9F0H0J4
tDNca5EaDGU,26806,978,12,0,130,tDNca5EaDGU
IZgQOTIRCN4,7236,310,5,0,58,IZgQOTIRCN4
Ve85ILVuaWc,29585,719,12,0,77,Ve85ILVuaWc
ASdjxbH0mgU,2695,108,2,0,7,ASdjxbH0mgU
RkfuV5VmAB4,69033,265,100,0,232,RkfuV5VmAB4
hX2XoNn2p-o,7188,192,5,0,59,hX2XoNn2p-o
2H-qiB_u2t0,16473,439,14,0,140,2H-qiB_u2t0
giJDDdSGT20,8940,228,4,0,51,giJDDdSGT20
7WURg6fFIt0,3251,354,3,0,59,7WURg6fFIt0
j6d2GRHA5B8,35,5,1,0,0,j6d2GRHA5B8
jUHYG_AzhI8,189603,1730,74,0,281,jUHYG_AzhI8
eHUO75O2AXk,3739,111,3,0,11,eHUO75O2AXk
XxBGgiHJOWE,1135,30,10,0,19,XxBGgiHJOWE
dGg1XecEAr4,32734,710,14,0,124,dGg1XecEAr4
H2wlBiFJ0Mk,208760,853,65,0,282,H2wlBiFJ0Mk
PaR0A-ckNEI,93877,1964,28,0,397,PaR0A-ckNEI
CgHb4tLjnh0,978,79,0,0,9,CgHb4tLjnh0
hZDDItuxpvc,3799,108,1,0,11,hZDDItuxpvc
r7f8Ba-Tir8,11866,49,1,0,13,r7f8Ba-Tir8
N35PaHZ1qn8,462,9,0,0,5,N35PaHZ1qn8
GdJqsRLI8fU,230,0,1,0,6,GdJqsRLI8fU
qY3zQ4BWlQ8,7854,276,9,0,101,qY3zQ4BWlQ8
CXmLnJqUI9o,7865,296,1,0,76,CXmLnJqUI9o
wa6A85S1k_g,2388,125,2,0,35,wa6A85S1k_g
6QEjaq5MVpM,14920,432,3,0,85,6QEjaq5MVpM
dFf8yiQdu34,933,41,1,0,6,dFf8yiQdu34
7xTKY5LGOwc,148147,626,86,0,394,7xTKY5LGOwc
yGrQ-RdnocE,864,68,0,0,4,yGrQ-RdnocE
iK1IXx5EFrk,129,2,0,0,NA,iK1IXx5EFrk
L820_X3CfBE,3430,153,2,0,17,L820_X3CfBE
KegMtV4szU4,14403,71,8,0,25,KegMtV4szU4
HGX89IWACos,17169,137,4,0,62,HGX89IWACos
UcvBGwVMB1A,45455,NA,NA,0,56,UcvBGwVMB1A
b-DPRLhxetc,24152,475,18,0,74,b-DPRLhxetc
_sSAdbFBJYo,85871,1592,28,0,336,_sSAdbFBJYo
9ysaFJTAq5o,26961,354,6,0,35,9ysaFJTAq5o
olpr1vjfiEo,12213,86,82,0,16,olpr1vjfiEo
tc54L6OVSak,59907,694,33,0,54,tc54L6OVSak
xELtv6raG9w,13884,307,1,0,34,xELtv6raG9w
mvzpbVUwo2o,10395,395,2,0,38,mvzpbVUwo2o
1GlDH1rebo8,4661,102,1,0,22,1GlDH1rebo8
0UQ0IB366fE,826,25,1,0,1,0UQ0IB366fE
OFcBkWt7kjg,610,30,0,0,5,OFcBkWt7kjg
Yx3Ul9rzyN8,42091,391,42,0,140,Yx3Ul9rzyN8
vEAwzCC812k,3798,58,6,0,47,vEAwzCC812k
1lQFwCNL1-E,85,0,0,0,0,1lQFwCNL1-E
Js6agWrvAeA,29688,310,5,0,36,Js6agWrvAeA
OmUuHWPDKM8,37959,263,42,0,192,OmUuHWPDKM8
YhHVG2viAVY,4511,151,0,0,11,YhHVG2viAVY
WGixN1Q1kFc,15200,NA,NA,0,35,WGixN1Q1kFc
4fGXccbK8Ls,31,1,0,0,0,4fGXccbK8Ls
xtTDbca06f0,39241,37,43,0,28,xtTDbca06f0
9Jt_k829Gi0,99,3,0,0,0,9Jt_k829Gi0
dHjBNU3tygQ,33,2,0,0,0,dHjBNU3tygQ
zo_r3yn7rhI,18,1,1,0,0,zo_r3yn7rhI
1BV-tZkvCEs,846,38,0,0,2,1BV-tZkvCEs
U6hNTdrkozM,100,2,0,0,0,U6hNTdrkozM
OWOaR4BWh1o,2926,81,2,0,7,OWOaR4BWh1o
CZYY-LHQU3Y,3432,106,0,0,12,CZYY-LHQU3Y
L050eN6dCC8,4349,248,5,0,26,L050eN6dCC8
y4XoI64ZHV0,1431,15,4,0,18,y4XoI64ZHV0
HIzVxSLOe28,9608,20,3,0,4,HIzVxSLOe28
eBgg350WjhY,4427,20,0,0,1,eBgg350WjhY
uT0IABDbh5I,14813,255,1,0,74,uT0IABDbh5I
7Qx56TOzaZA,5040,189,11,0,2,7Qx56TOzaZA
bcj5516zZGU,1709,29,1,0,8,bcj5516zZGU
lHgN3v6VVQU,941,86,0,0,20,lHgN3v6VVQU
r_bTCXTY7cs,2279,109,1,0,1,r_bTCXTY7cs
6avbBBMfBkY,9830,NA,NA,0,42,6avbBBMfBkY
9koDxMdG7wA,12640,400,1,0,30,9koDxMdG7wA
o5p7teCiD9c,1587,22,0,0,6,o5p7teCiD9c
T-pMUpXvmWQ,171,10,0,0,1,T-pMUpXvmWQ
EtQiXgju0i4,1106,30,0,0,0,EtQiXgju0i4
XK3kFlXQ19I,17892,214,11,0,128,XK3kFlXQ19I
IFi8zzTIme0,2184,74,1,0,10,IFi8zzTIme0
XovSlln7Syg,9,1,0,0,0,XovSlln7Syg
lSaVpilQur4,795,18,1,0,0,lSaVpilQur4
8F5PxHUWC-w,1651,10,0,0,0,8F5PxHUWC-w
3v_gzydi1nQ,278813,1194,206,0,530,3v_gzydi1nQ
IlrWkAAjgMA,108,5,0,0,0,IlrWkAAjgMA
CqXrpteup6s,59,0,0,0,0,CqXrpteup6s
C2xZ_DkqZbs,3790,163,2,0,15,C2xZ_DkqZbs
4LTI7sgnGVw,25080,200,94,0,44,4LTI7sgnGVw
igLJY6_TUXs,24675,90,45,0,114,igLJY6_TUXs
FRcBDuorEx4,4087,35,2,0,4,FRcBDuorEx4
Ya5Sdlf2wtY,46,3,0,0,0,Ya5Sdlf2wtY
h_uEXcfbJYE,2562,159,2,0,47,h_uEXcfbJYE
sAnbx5G2sGE,69,0,0,0,0,sAnbx5G2sGE
cjFyRhBLv4o,2492,20,1,0,11,cjFyRhBLv4o
ZGVRWvj4FoY,44,3,0,0,0,ZGVRWvj4FoY
dSqU2FlPocI,183,1,0,0,0,dSqU2FlPocI
0_YLZ3QJw9E,35,0,0,0,0,0_YLZ3QJw9E
pkybE-7O94k,4366,59,4,0,14,pkybE-7O94k
SktKF76KI14,793,4,1,0,6,SktKF76KI14
J7JCOnVYh-0,49,1,0,0,0,J7JCOnVYh-0
ISlB6fHpyA8,38,1,0,0,0,ISlB6fHpyA8
nnv7X83st78,69,6,0,0,0,nnv7X83st78
IUDQgV249kY,34,1,0,0,0,IUDQgV249kY
QKxCDgxXciY,1,0,0,0,0,QKxCDgxXciY
gK2T26xtFoE,0,0,0,0,0,gK2T26xtFoE
ENqtyr7Erig,3,0,0,0,0,ENqtyr7Erig
dQX2-kLH-D4,45583,1529,46,0,404,dQX2-kLH-D4
MwesXawp5ls,33587,331,76,0,128,MwesXawp5ls
Mopj79RO1yM,1534821,12578,1593,0,4596,Mopj79RO1yM
M2I9N_viCwc,8972,260,14,0,52,M2I9N_viCwc
iRLv5p_Xuhs,75381,339,123,0,190,iRLv5p_Xuhs
G89tl4eXWSM,49819,804,199,0,271,G89tl4eXWSM
4sEYFNZmURQ,122301,1070,254,0,336,4sEYFNZmURQ
UorXA0I6110,378670,1153,308,0,922,UorXA0I6110
KCUdAK0vXIc,530843,4742,2108,0,1822,KCUdAK0vXIc
DCGuUnvpnMQ,51829,606,53,0,612,DCGuUnvpnMQ
p94-Nix1y14,19157,446,6,0,104,p94-Nix1y14
IGjHS0YPPCw,32482,1130,50,0,495,IGjHS0YPPCw
898q6IEwm40,9540,83,40,0,68,898q6IEwm40
QK52TojfBKE,62502,305,86,0,396,QK52TojfBKE
RUt9YzgvEYI,36380,833,108,0,26,RUt9YzgvEYI
m62nB9TEBCM,5562,27,6,0,0,m62nB9TEBCM
c8dyc57fwNE,58743,445,29,0,190,c8dyc57fwNE
uj-yykCNHDQ,83467,2606,89,0,325,uj-yykCNHDQ
1RnyDjaZI2Q,32657,224,79,0,42,1RnyDjaZI2Q
7NsTuvByh8I,270527,1846,192,0,601,7NsTuvByh8I
MeuGMcgWNz0,10576,175,16,0,126,MeuGMcgWNz0
su_7uYQfWjY,113784,595,285,0,813,su_7uYQfWjY
X-sF4wP274s,8647,174,9,0,49,X-sF4wP274s
x3SLBn7EbUU,350123,1362,435,0,1336,x3SLBn7EbUU
l-h2yVK1FKg,15083,15,12,0,69,l-h2yVK1FKg
60Bvc0zjIMc,25875,464,6,0,256,60Bvc0zjIMc
TuKibF_WSCE,505089,5892,227,0,1106,TuKibF_WSCE
xUqmbPtyhB8,10238,95,17,0,0,xUqmbPtyhB8
5ApY3NPerN4,54721,2093,32,0,287,5ApY3NPerN4
gB4FjhDOkcw,34997,139,11,0,138,gB4FjhDOkcw
it0nxlOq-yg,4176,NA,NA,0,3,it0nxlOq-yg
Rs79sqFenFo,19709,229,16,0,73,Rs79sqFenFo
-6h0eCfvp8k,16618,65,74,0,5,-6h0eCfvp8k
mCh-KCzfa7g,7599,48,16,0,17,mCh-KCzfa7g
0xqvddmvmjw,5739,14,2,0,0,0xqvddmvmjw
Jjt6q9GAxmo,2571,25,6,0,24,Jjt6q9GAxmo
t2DVChTwDr4,5331,335,2,0,52,t2DVChTwDr4
GLHQ7vy4rhI,25697,166,15,0,153,GLHQ7vy4rhI
nA8R8rtO-CM,1388,11,8,0,0,nA8R8rtO-CM
YWAbz9F9b3w,1643,31,2,0,24,YWAbz9F9b3w
2wj4pT6j3fs,18833,88,16,0,113,2wj4pT6j3fs
gRMaA6ApsKY,56407,870,46,0,587,gRMaA6ApsKY
_HRSJBTw5Pw,8456,206,3,0,106,_HRSJBTw5Pw
2dkpynon9m4,398,3,0,0,2,2dkpynon9m4
Ha42Xt3rd_o,210535,1909,104,0,738,Ha42Xt3rd_o
o14w0NljJUE,523,22,2,0,6,o14w0NljJUE
fCkfL4aMFXQ,243859,757,84,0,310,fCkfL4aMFXQ
UoP0cC7oQN0,11479,116,34,0,NA,UoP0cC7oQN0
Ey6wDrijJU8,30706,200,37,0,157,Ey6wDrijJU8
TkJPvzwCNTI,331909,853,167,0,276,TkJPvzwCNTI
UTFLBg2VbmY,484620,3420,968,0,2839,UTFLBg2VbmY
slritvN1nZg,94006,1937,89,0,645,slritvN1nZg
3k0iWf1AF54,24955,1210,15,0,165,3k0iWf1AF54
gZ9QXYkASpQ,33851,217,61,0,202,gZ9QXYkASpQ
YLkkVPwLYYI,33886,69,33,0,87,YLkkVPwLYYI
ILSGo9PfQ9w,197860,671,182,0,330,ILSGo9PfQ9w
aj8meKRoTnQ,4551,26,6,0,0,aj8meKRoTnQ
l5xpqlkCACE,52145,242,78,0,187,l5xpqlkCACE
AThdrhRQyzM,92214,543,126,0,355,AThdrhRQyzM
Z35PLD1kQ3M,56998,327,24,0,238,Z35PLD1kQ3M
wBtzadSz44M,95368,745,133,0,231,wBtzadSz44M
OnJKGjM4sG4,72371,196,107,0,100,OnJKGjM4sG4
qoSW8qEAPm8,121848,3026,62,0,417,qoSW8qEAPm8
IFrxfGZb5nA,96141,765,22,0,156,IFrxfGZb5nA
VlY8vRhoXdQ,52694,183,95,0,98,VlY8vRhoXdQ
4wrptW-9WRU,9045,174,98,0,35,4wrptW-9WRU
YzME5p9_mX4,44040,324,34,0,337,YzME5p9_mX4
lnrgTHyfOxQ,2224,33,5,0,35,lnrgTHyfOxQ
8iWnQng5Ims,6224,117,25,0,57,8iWnQng5Ims
lIXxewPoHr4,13982,298,5,0,33,lIXxewPoHr4
hgLQ9bSS22g,134409,751,95,0,187,hgLQ9bSS22g
AUH3U1o8Aa4,53569,870,16,0,191,AUH3U1o8Aa4
iz5ICJdkXu4,31047,117,42,0,169,iz5ICJdkXu4
rErJajYzgYU,434168,1860,1880,0,1043,rErJajYzgYU
IVraIrwNwoE,634,18,1,0,2,IVraIrwNwoE
oXt9GthZ6jA,5039,247,9,0,0,oXt9GthZ6jA
EJqeunIpCxw,19583,284,10,0,296,EJqeunIpCxw
ozBmjOW6ai8,148285,672,235,0,433,ozBmjOW6ai8
P2gRF68s1p4,3708,52,4,0,29,P2gRF68s1p4
dogMoH1m_2k,9088,16,5,0,3,dogMoH1m_2k
Fv_UoNzbyoA,43637,119,86,0,76,Fv_UoNzbyoA
9ttjZtAlM6M,811,16,1,0,1,9ttjZtAlM6M
Vo3NAsVYYy0,157053,533,192,0,395,Vo3NAsVYYy0
ffPNXMaEfMA,19580,285,42,0,116,ffPNXMaEfMA
yScbCsqLlac,214945,850,165,0,376,yScbCsqLlac
AxUpN5EHg-Y,57462,456,272,0,395,AxUpN5EHg-Y
JL0tqs514IY,277005,1601,472,0,1287,JL0tqs514IY
DTrC2DMPf0M,8196,62,29,0,56,DTrC2DMPf0M
eVynKfG39Vs,13359,827,5,0,0,eVynKfG39Vs
S8kTKxxSNXg,351,0,0,0,5,S8kTKxxSNXg
ge9WqIxa-Ws,4207,97,1,0,23,ge9WqIxa-Ws
IaPr_53A2Oo,16433,513,20,0,82,IaPr_53A2Oo
F-T5swK6bvg,7711,23,82,0,0,F-T5swK6bvg
LVICyx5jwYQ,411669,1196,312,0,896,LVICyx5jwYQ
VOTYG8fNVEI,108,0,0,0,0,VOTYG8fNVEI
-Djt6KH9wws,137298,317,198,0,129,-Djt6KH9wws
SCLSLfzQNHo,21008,77,82,0,NA,SCLSLfzQNHo
gLXjvt8n59E,429,2,2,0,0,gLXjvt8n59E
7f_0I0aSFsw,5111,90,2,0,21,7f_0I0aSFsw
QSHtmss8GCc,222,1,2,0,2,QSHtmss8GCc
kWWS3Xmc680,3073,31,3,0,17,kWWS3Xmc680
tEsUXQree7E,22950,106,40,0,52,tEsUXQree7E
ki47WHDsvLU,38571,572,56,0,164,ki47WHDsvLU
J4xZcmcfyV0,11391,26,43,0,80,J4xZcmcfyV0
9q9ygOISPF0,3294,17,1,0,28,9q9ygOISPF0
7gYc8RHkdk0,75814,455,52,0,22,7gYc8RHkdk0
ogEONeJM3nA,728,1,6,0,3,ogEONeJM3nA
rxyoaff8rSc,29475,322,74,0,141,rxyoaff8rSc
s-55lq-kG_U,8293,30,9,0,48,s-55lq-kG_U
qnVe86f4AcU,184218,498,380,0,602,qnVe86f4AcU
BbURFdiNy_o,90,0,1,0,4,BbURFdiNy_o
dzVA0TYFeqs,28985,483,11,0,96,dzVA0TYFeqs
4prghaVYEek,860,9,9,0,13,4prghaVYEek
k05Hu5Pb_dA,9778,162,33,0,47,k05Hu5Pb_dA
mqEF4ikp8SE,7327,52,4,0,14,mqEF4ikp8SE
DnYIXa2QHwA,4092,187,1,0,22,DnYIXa2QHwA
nNPkSQFRTsA,27912,69,16,0,44,nNPkSQFRTsA
fFXRjgLooKo,8531,37,1,0,69,fFXRjgLooKo
D1jmkgAc7sw,2819,4,8,0,5,D1jmkgAc7sw
kuAO1wJszew,113300,703,111,0,526,kuAO1wJszew
wRTJfSygg4Y,14791,232,5,0,32,wRTJfSygg4Y
BJQAaiE8lok,17049,124,39,0,101,BJQAaiE8lok
cOiQWPCmGwI,12459,573,17,0,97,cOiQWPCmGwI
T0bWc4wG1-Q,130,0,1,0,0,T0bWc4wG1-Q
VwnYqKK3nt0,2847,16,0,0,26,VwnYqKK3nt0
gk57dEj9ynU,101211,79,3,0,16,gk57dEj9ynU
jNXuBgDZy3U,13706,40,8,0,15,jNXuBgDZy3U
MTT4c8im10o,232,8,0,0,0,MTT4c8im10o
jzEVMq5ONI8,7204,55,29,0,33,jzEVMq5ONI8
8_9K-jeUWjs,64835,2342,43,0,391,8_9K-jeUWjs
fq6Sh2nP0kA,105636,959,301,0,504,fq6Sh2nP0kA
0KES6CpSra8,7680,117,9,0,60,0KES6CpSra8
tmSMwFEvVMs,847,5,4,0,2,tmSMwFEvVMs
2A0K5LeUhq8,101680,628,119,0,236,2A0K5LeUhq8
7vLG0NM1jkw,4698,27,17,0,34,7vLG0NM1jkw
mXbavy4Dvs4,12345,112,7,0,62,mXbavy4Dvs4
G4NEj9Ee7_E,111090,646,62,0,24,G4NEj9Ee7_E
hNobuLxVAws,2923,20,2,0,0,hNobuLxVAws
d4hvr-6APUI,32034,1266,21,0,91,d4hvr-6APUI
F7MfwdTHAhc,2290,12,3,0,17,F7MfwdTHAhc
24OrREqivsc,62912,637,49,0,135,24OrREqivsc
ekhIJN1dRPc,65088,68,141,0,329,ekhIJN1dRPc
kXXk-VAYwPg,4854,78,16,0,30,kXXk-VAYwPg
yTnZ3yuTWyI,45819,304,10,0,62,yTnZ3yuTWyI
43TGMEHFUhE,5078,30,1,0,24,43TGMEHFUhE
jAsDwaqu_EM,6238,69,2,0,23,jAsDwaqu_EM
GhFyQb05WdQ,7924,234,8,0,87,GhFyQb05WdQ
go61KDX8xqA,18355,114,35,0,56,go61KDX8xqA
0wAhVjcMfzI,21,1,0,0,0,0wAhVjcMfzI
1mxneFNamNA,45342,197,33,0,71,1mxneFNamNA
Uu0omvpk158,4556,80,0,0,25,Uu0omvpk158
2h1Z23gFqsw,5785,306,5,0,61,2h1Z23gFqsw
1KnXJQ4Xzvs,15535,NA,NA,0,NA,1KnXJQ4Xzvs
W9_PMHQSKX8,6267,6,2,0,7,W9_PMHQSKX8
A3g12wyMLjs,29495,174,31,0,104,A3g12wyMLjs
qi_mCqaeJKc,7403,161,45,0,40,qi_mCqaeJKc
0ovU3kmu-_k,299,1,2,0,1,0ovU3kmu-_k
O5mxjHpFWAE,6637,13,91,0,35,O5mxjHpFWAE
RWnssdU3A2U,429,3,0,0,1,RWnssdU3A2U
17eamp9V1xI,755,14,0,0,4,17eamp9V1xI
lqw6J0cH-tc,7398,249,2,0,102,lqw6J0cH-tc
kcZNoo1BybQ,564,7,0,0,2,kcZNoo1BybQ
nx6GUxsYmYY,2982,1,1,0,3,nx6GUxsYmYY
7trZZ2zsklw,4372,57,21,0,11,7trZZ2zsklw
C88ogOCmnnk,2710,16,1,0,3,C88ogOCmnnk
jp0JBuulL_c,4369,28,1,0,3,jp0JBuulL_c
0Gh5R8dUpJI,16605,116,32,0,265,0Gh5R8dUpJI
PwD4ioXFeBE,815,3,2,0,3,PwD4ioXFeBE
hGaNed45ZYU,537,6,3,0,3,hGaNed45ZYU
bC7neM0cQRE,10601,62,18,0,15,bC7neM0cQRE
51VeYyXoF0U,118812,3816,58,0,471,51VeYyXoF0U
S6cPW2LhAX8,3824,22,3,0,14,S6cPW2LhAX8
0w57dYXr43g,2026,12,0,0,4,0w57dYXr43g
_d0S4dQcurs,1445,14,4,0,9,_d0S4dQcurs
-_mszxDbZQ4,700804,2828,541,0,1898,-_mszxDbZQ4
ngaqfEeeKrQ,5176,141,2,0,56,ngaqfEeeKrQ
KLPVV66-3UE,5036,80,5,0,41,KLPVV66-3UE
dTUd7VSo5-w,688,0,3,0,7,dTUd7VSo5-w
f3EQdCFDCpg,2174,31,3,0,30,f3EQdCFDCpg
9RZhAvNMMQE,967,1,0,0,1,9RZhAvNMMQE
v_FY6ISmRYI,66383,261,131,0,395,v_FY6ISmRYI
M1Y0VS7jIiA,24980,221,12,0,38,M1Y0VS7jIiA
HTeog1zEs0E,2017,6,0,0,7,HTeog1zEs0E
yR43YvExjFU,13142,52,30,0,53,yR43YvExjFU
CCeQgvVbBZ8,1064,5,3,0,5,CCeQgvVbBZ8
f10nb2khLng,334,3,0,0,0,f10nb2khLng
o22xR-bNlIc,6823,39,6,0,28,o22xR-bNlIc
sP8F8qrCe0c,62584,711,45,0,243,sP8F8qrCe0c
TuvvBHzRkuU,1476,24,8,0,0,TuvvBHzRkuU
Xgn36AbulZM,1413,6,0,0,2,Xgn36AbulZM
Ho4foRaT96M,7349,47,16,0,14,Ho4foRaT96M
28uicXg7HxY,1370,21,1,0,6,28uicXg7HxY
W29-2qUN6r8,13951,73,18,0,32,W29-2qUN6r8
Bnqzo7r1VGk,775,3,7,0,3,Bnqzo7r1VGk
f6JYxrKfqXQ,10,0,0,0,0,f6JYxrKfqXQ
moLsgwL5808,2373,12,1,0,5,moLsgwL5808
xoD2nys7gJM,6316,28,1,0,3,xoD2nys7gJM
O4KI2UDYWvo,433,6,0,0,0,O4KI2UDYWvo
1LND1fYlPWQ,2638,31,4,0,7,1LND1fYlPWQ
KcNWWHyD1O4,208,17,0,0,3,KcNWWHyD1O4
k2z8icaKvjc,1104,28,1,0,NA,k2z8icaKvjc
2A4RWBYGXYA,273,6,0,0,1,2A4RWBYGXYA
WrtwwWEl-X8,5961,12,27,0,11,WrtwwWEl-X8
suHmZm9PFeE,4260,54,4,0,2,suHmZm9PFeE
GmBHh01yBJk,1399,21,2,0,5,GmBHh01yBJk
n37NDG3vDGE,27080,720,9,0,11,n37NDG3vDGE
zsUaEPd9Aec,58998,294,296,0,277,zsUaEPd9Aec
prF_-f7z_Ss,1890,11,2,0,5,prF_-f7z_Ss
e4s9pAXuw6Y,1081,24,0,0,1,e4s9pAXuw6Y
2_78CkRK-z8,5421,34,1,0,29,2_78CkRK-z8
9Gcv5Fye0cU,18657,504,8,0,4,9Gcv5Fye0cU
6tjrG6G424A,23,1,0,0,0,6tjrG6G424A
NGHfG3qDyv8,5240,17,16,0,54,NGHfG3qDyv8
4sbN7iHvpgw,871,5,0,0,0,4sbN7iHvpgw
E6Fi8obXw2s,17,0,0,0,0,E6Fi8obXw2s
5tWAEdMFKeI,6422,21,5,0,10,5tWAEdMFKeI
-Apl9rSNeHc,6470,19,26,0,11,-Apl9rSNeHc
kcj5AIdqtws,1988,23,6,0,0,kcj5AIdqtws
t79LvouRBHQ,4420,138,3,0,15,t79LvouRBHQ
2ZOtM-YKvnA,798,0,0,0,5,2ZOtM-YKvnA
ck05k1izT-E,735,14,0,0,1,ck05k1izT-E
viysu6bjFfk,46946,846,120,0,307,viysu6bjFfk
O-tdXEQAdpg,6080,38,3,0,19,O-tdXEQAdpg
da-4z-p2BDw,634,5,1,0,1,da-4z-p2BDw
qybvwRSUlsM,157,1,0,0,0,qybvwRSUlsM
U4rkYGNq_Ow,1331,3,3,0,23,U4rkYGNq_Ow
OUpfFCe3oW8,2240,58,0,0,7,OUpfFCe3oW8
Zexw1Mt6a3U,7262,111,15,0,38,Zexw1Mt6a3U
xQNXqeCvjt0,36258,NA,NA,0,54,xQNXqeCvjt0
pMqC7Zs42U8,10775,54,17,0,19,pMqC7Zs42U8
jecUN_0OvBU,1236,4,0,0,3,jecUN_0OvBU
3zD0sMEUjeA,896,9,1,0,11,3zD0sMEUjeA
sqaHiPSWps4,196089,40,306,0,93,sqaHiPSWps4
NKOYNiB1aUQ,910,4,1,0,3,NKOYNiB1aUQ
Y3jVlbOj-Js,283,1,0,0,0,Y3jVlbOj-Js
HUbt-BWHfik,15139,62,20,0,35,HUbt-BWHfik
tuTm3F-lhQQ,463,0,0,0,2,tuTm3F-lhQQ
qGH6IuIVzFk,8026,437,4,0,100,qGH6IuIVzFk
vWaCBFClD4c,1880,9,6,0,22,vWaCBFClD4c
sZ0MWUfmM54,535,4,0,0,0,sZ0MWUfmM54
kwvCDi7aRa0,1407,18,11,0,3,kwvCDi7aRa0
nkYSh01NkcY,6795,180,47,0,31,nkYSh01NkcY
lIbnxDsgONg,829,3,0,0,1,lIbnxDsgONg
HoGHVzeZmHU,1004,2,0,0,2,HoGHVzeZmHU
VPOHRxUIpBY,415,0,0,0,4,VPOHRxUIpBY
PYxnFkaiV9g,1652,6,3,0,2,PYxnFkaiV9g
b8M-DLOPkgo,13862,263,79,0,67,b8M-DLOPkgo
G1yQffvKJjE,403,11,1,0,2,G1yQffvKJjE
l96aI3BObI0,1537,9,2,0,0,l96aI3BObI0
JQL6rQrby4M,205,0,0,0,0,JQL6rQrby4M
kDW6K_h9cwk,590,15,0,0,3,kDW6K_h9cwk
QOUEDQiNZ-M,63,1,0,0,0,QOUEDQiNZ-M
7W7S9_0GAJE,743,10,3,0,3,7W7S9_0GAJE
ykubpt0r9UA,4865,27,6,0,28,ykubpt0r9UA
feHY_56DNus,133,1,0,0,0,feHY_56DNus
FepGTwUrOsk,23236,43,1,0,15,FepGTwUrOsk
jwUTDII_CtU,5589,46,47,0,7,jwUTDII_CtU
hFL9pEwOZZA,409,1,0,0,4,hFL9pEwOZZA
7sIh01Ux5do,3427,13,4,0,4,7sIh01Ux5do
2fy6za4hZQ4,69,0,0,0,0,2fy6za4hZQ4
5tV_O9ICioQ,113,5,0,0,2,5tV_O9ICioQ
4AMaxfWfuMw,2322,5,14,0,17,4AMaxfWfuMw
WJ4R5HQoXwU,714,9,1,0,0,WJ4R5HQoXwU
cAj8di6CwF0,2877,16,6,0,13,cAj8di6CwF0
4W7ka9Ed0h8,1617,8,2,0,5,4W7ka9Ed0h8
yuk_043QgOk,7863,15,8,0,14,yuk_043QgOk
cJNQD2qFgmk,542,6,1,0,1,cJNQD2qFgmk
uWzt5TQulLg,997,3,1,0,27,uWzt5TQulLg
rctIrxjA0wM,5020,17,7,0,0,rctIrxjA0wM
8h_2Y80SffQ,737,7,1,0,0,8h_2Y80SffQ
-jnAyO3hZ94,1646,18,2,0,1,-jnAyO3hZ94
lU-xZg2mDDU,21548,20,6,0,30,lU-xZg2mDDU
a0jVHrnPOgU,909,6,2,0,1,a0jVHrnPOgU
mf0-zmgoRbw,26514,306,26,0,54,mf0-zmgoRbw
FS6keCk68Eo,1050,9,0,0,5,FS6keCk68Eo
dbKL3sZ9K7Y,90,3,0,0,NA,dbKL3sZ9K7Y
TCUz0VX3kVA,677,5,0,0,0,TCUz0VX3kVA
aFqD0LuwgNQ,727,3,5,0,0,aFqD0LuwgNQ
ChNsk3NcVjw,21841,113,121,0,130,ChNsk3NcVjw
RFm0v1LdO5g,231,1,2,0,0,RFm0v1LdO5g
S3-wzjNnBo4,1515,44,1,0,3,S3-wzjNnBo4
jRnutqISRH8,2917,7,3,0,7,jRnutqISRH8
oVDZAweUhgM,101,3,1,0,2,oVDZAweUhgM
OnJVmg-w9r0,58,0,0,0,0,OnJVmg-w9r0
TuTlakRxB-g,503,10,3,0,4,TuTlakRxB-g
J1cIDvVKpR8,80,7,0,0,0,J1cIDvVKpR8
apOqz74W7xA,1233,6,1,0,3,apOqz74W7xA
izTcrvXeBKM,429,0,0,0,2,izTcrvXeBKM
_5VQOs47jn8,109,3,0,0,1,_5VQOs47jn8
7KuirIsQFdI,766,4,0,0,5,7KuirIsQFdI
V00gjhz-cK8,637,7,1,0,4,V00gjhz-cK8
Ya5Sdlf2wtY,46,3,0,0,0,Ya5Sdlf2wtY
1zbED1eVPPc,359,4,0,0,1,1zbED1eVPPc
eqOtQus8k3k,217,0,0,0,0,eqOtQus8k3k
elG_2ZGpwlc,3908,14,9,0,7,elG_2ZGpwlc
yY9PHiP1Fgg,567,1,0,0,4,yY9PHiP1Fgg
nQ4YqHU0u7E,1881,13,33,0,2,nQ4YqHU0u7E
9iSktKXNb6E,482,2,2,0,0,9iSktKXNb6E
3h4J6KJf53I,470,2,0,0,2,3h4J6KJf53I
hI9Od-Qbn3g,295,2,0,0,0,hI9Od-Qbn3g
vhNiJPKhtYU,29345,620,3,0,32,vhNiJPKhtYU
kdaimgaHEOk,597,2,1,0,4,kdaimgaHEOk
PiDO3youvG8,181,2,1,0,0,PiDO3youvG8
GrWuhCkYmcE,23267,NA,NA,0,38,GrWuhCkYmcE
C47faf_7xFw,2709,16,2,0,2,C47faf_7xFw
KV-yeyMduMw,220,2,0,0,4,KV-yeyMduMw
Zm17lZXUPB4,20,0,0,0,0,Zm17lZXUPB4
GlueyUF8LVc,5480,36,68,0,47,GlueyUF8LVc
4TTvEBt6pBc,51,1,0,0,0,4TTvEBt6pBc
aS_jrS7NGQQ,221,2,0,0,0,aS_jrS7NGQQ
Sk1Kyhtou34,429,21,0,0,0,Sk1Kyhtou34
EB09j_9x3sw,909,25,1,0,12,EB09j_9x3sw
8NwCIbyTH6A,56,1,0,0,0,8NwCIbyTH6A
jY6Ke5vbJho,50,0,0,0,0,jY6Ke5vbJho
fUj_v7BtxWw,1262,6,2,0,2,fUj_v7BtxWw
i91WPWTB1Jo,357,0,2,0,0,i91WPWTB1Jo
JpWUlvKRVW8,6,0,0,0,0,JpWUlvKRVW8
88jVN8i3Y2Y,4,0,0,0,0,88jVN8i3Y2Y
075p5mT9u2c,405,0,1,0,3,075p5mT9u2c
jfttSDa4xwE,450,0,1,0,0,jfttSDa4xwE
aWsUUw9zSiQ,392,3,0,0,0,aWsUUw9zSiQ
jbcziWRCXAk,132,0,2,0,0,jbcziWRCXAk
4gKdh2XEcG0,2,0,0,0,0,4gKdh2XEcG0
azi7UP9NQh0,1064,2,3,0,0,azi7UP9NQh0
VTCmkOpiYiM,1701,1,2,0,1,VTCmkOpiYiM
C8dUiHVgPco,17,0,0,0,1,C8dUiHVgPco
0pLEi28VgKA,4859,26,9,0,NA,0pLEi28VgKA
bnZRhD7_56Q,215,1,0,0,0,bnZRhD7_56Q
eSDmbCDNOB8,4,0,0,0,0,eSDmbCDNOB8
ZDiVwXHpFzg,2007,25,6,0,5,ZDiVwXHpFzg
MB6xtd8iWWo,35,1,0,0,0,MB6xtd8iWWo
w1PG1RCr_KI,43,0,0,0,0,w1PG1RCr_KI
eH19NOSlMHk,263,1,0,0,2,eH19NOSlMHk
xlgI1D_Mwzk,5016,NA,NA,0,6,xlgI1D_Mwzk
o9iJRnRNZHs,245,0,0,0,0,o9iJRnRNZHs
Dd9RnPPAYTI,1,0,0,0,0,Dd9RnPPAYTI
22gpH1kmiM4,257,3,1,0,2,22gpH1kmiM4
GtMqFj0pahQ,1504,3,2,0,0,GtMqFj0pahQ
2_TH24shKwU,116,4,0,0,1,2_TH24shKwU
BWOv0wAajuY,696,6,0,0,3,BWOv0wAajuY
lrKtfJPkAYo,4,0,0,0,0,lrKtfJPkAYo
4IQw0EjDVOY,295,3,0,0,0,4IQw0EjDVOY
69NUPe0wylI,1,0,0,0,0,69NUPe0wylI
Ha-beZz7wtI,27,0,0,0,0,Ha-beZz7wtI
qGkJdK4kyxM,8564,NA,NA,0,29,qGkJdK4kyxM
-EJ2g0T92A8,16,0,0,0,0,-EJ2g0T92A8
kiJ5Ygtb7H0,937,3,2,0,0,kiJ5Ygtb7H0
OWnQwviR_QM,615,8,0,0,1,OWnQwviR_QM
Mzs_68GeCmE,43,0,0,0,0,Mzs_68GeCmE
mtNDIZFulZ8,25,3,0,0,0,mtNDIZFulZ8
s7UjNFwiYkQ,0,0,0,0,0,s7UjNFwiYkQ
nqiS-zFCw0Q,78,1,0,0,0,nqiS-zFCw0Q
8n1_G9dSNU8,307,0,0,0,0,8n1_G9dSNU8
VhiZbCaTEQ0,596,1,1,0,4,VhiZbCaTEQ0
Lp8qjcxqUus,211,0,0,0,0,Lp8qjcxqUus
wZ_04lgOalY,8,0,0,0,0,wZ_04lgOalY
drTixRAVXmE,5074,113,7,0,10,drTixRAVXmE
qkFN4FgokXE,4,0,0,0,0,qkFN4FgokXE
r5UzTt6uj_E,252,0,0,0,0,r5UzTt6uj_E
mqTT0idqDac,4,0,0,0,0,mqTT0idqDac
hoRECSkjgRU,10,0,0,0,0,hoRECSkjgRU
pUT6AqmUXjM,691,27,0,0,13,pUT6AqmUXjM
-x8VxHpFEw0,33282,328,17,0,81,-x8VxHpFEw0
N0DZlyo99l8,2,0,0,0,0,N0DZlyo99l8
xXscvbPGwZA,2,0,0,0,0,xXscvbPGwZA
gG5vh9woMqg,1,0,0,0,0,gG5vh9woMqg
7OyGBPToTeU,1,0,0,0,0,7OyGBPToTeU
aH715FKO-FA,0,0,0,0,0,aH715FKO-FA
4k3ylHZU3Ag,0,0,0,0,0,4k3ylHZU3Ag
